"","Data.Set","Image","Nuclear.Envelope","Nucleoplasm","NE.Nuc.Ratio","Nuc.NE.Ratio","Nucleoplasmic.Area","WholeNuc.Area","Nuc.Area","BAD","Time.point","Nucleus.ID","NE.mean","Nuc.mean","Norm.Nuc.NE.Ratio","Norm.NE.Nuc.Ratio","Sample"
"1","201211_14646_4timepoints_measurements.csv","201211_HighTimeResolution_Nup60GFP_01_21_R3D_D3D_nucleus_1_substack_frame_1",720.65,236.05,3.05,0.33,3.1,7.55,4.12,0,"-45 min","201211_HighTimeResolution_Nup60GFP_01_21_R3D_D3D_nucleus_1",161.943820224719,76.1451612903226,0.470194918118276,2.12677755855382,"Nup60-GFP_WT"
"2","201211_14646_4timepoints_measurements.csv","201211_HighTimeResolution_Nup60GFP_01_21_R3D_D3D_nucleus_1_substack_frame_2",698.7,240.54,2.9,0.34,2.95,7.61,4.01,0,"-10 min","201211_HighTimeResolution_Nup60GFP_01_21_R3D_D3D_nucleus_1",149.935622317597,81.5389830508474,0.543826622322813,1.83882134296545,"Nup60-GFP_WT"
"3","201211_14646_4timepoints_measurements.csv","201211_HighTimeResolution_Nup60GFP_01_21_R3D_D3D_nucleus_1_substack_frame_3",557.02,482.61,1.15,0.87,4.02,9.53,5.29,0,"Anaphase I","201211_HighTimeResolution_Nup60GFP_01_21_R3D_D3D_nucleus_1",101.092558983666,120.05223880597,1.18754772866485,0.842071418152002,"Nup60-GFP_WT"
"4","201211_14646_4timepoints_measurements.csv","201211_HighTimeResolution_Nup60GFP_01_21_R3D_D3D_nucleus_1_substack_frame_4",391.89,156.64,2.5,0.4,1.76,5.12,2.49,0,"+10 min","201211_HighTimeResolution_Nup60GFP_01_21_R3D_D3D_nucleus_1",116.633928571429,89,0.763071269999234,1.31049357945425,"Nup60-GFP_WT"
"5","201211_14646_4timepoints_measurements.csv","201211_HighTimeResolution_Nup60GFP_01_21_R3D_D3D_nucleus_2_substack_frame_1",915.95,316.92,2.89,0.35,2.84,7.37,3.91,0,"-45 min","201211_HighTimeResolution_Nup60GFP_01_21_R3D_D3D_nucleus_2",202.19646799117,111.591549295775,0.55189663006699,1.81193351348896,"Nup60-GFP_WT"
"6","201211_14646_4timepoints_measurements.csv","201211_HighTimeResolution_Nup60GFP_01_21_R3D_D3D_nucleus_2_substack_frame_2",744.7,305.78,2.44,0.41,3.11,7.4,4.07,0,"-10 min","201211_HighTimeResolution_Nup60GFP_01_21_R3D_D3D_nucleus_2",173.589743589744,98.3215434083601,0.56640180102305,1.76553110917687,"Nup60-GFP_WT"
"7","201211_14646_4timepoints_measurements.csv","201211_HighTimeResolution_Nup60GFP_01_21_R3D_D3D_nucleus_2_substack_frame_3",749.37,559.76,1.34,0.75,3.7,9.73,5.11,0,"Anaphase I","201211_HighTimeResolution_Nup60GFP_01_21_R3D_D3D_nucleus_2",124.273631840796,151.286486486486,1.21736593873989,0.821445687099731,"Nup60-GFP_WT"
"8","201211_14646_4timepoints_measurements.csv","201211_HighTimeResolution_Nup60GFP_01_21_R3D_D3D_nucleus_2_substack_frame_4",475.67,223.02,2.13,0.47,1.62,4.98,2.32,0,"+10 min","201211_HighTimeResolution_Nup60GFP_01_21_R3D_D3D_nucleus_2",141.568452380952,137.666666666667,0.97243887569113,1.02834226911103,"Nup60-GFP_WT"
"9","201211_14646_4timepoints_measurements.csv","201211_HighTimeResolution_Nup60GFP_01_21_R3D_D3D_nucleus_3_substack_frame_1",991.76,269.58,3.68,0.27,3.28,7.92,4.36,0,"-45 min","201211_HighTimeResolution_Nup60GFP_01_21_R3D_D3D_nucleus_3",213.741379310345,82.1890243902439,0.38452556381658,2.60060733043227,"Nup60-GFP_WT"
"10","201211_14646_4timepoints_measurements.csv","201211_HighTimeResolution_Nup60GFP_01_21_R3D_D3D_nucleus_3_substack_frame_2",796.94,281.63,2.83,0.35,2.89,7.09,3.85,0,"-10 min","201211_HighTimeResolution_Nup60GFP_01_21_R3D_D3D_nucleus_3",189.747619047619,97.4498269896194,0.513576019971894,1.94713141017512,"Nup60-GFP_WT"
"11","201211_14646_4timepoints_measurements.csv","201211_HighTimeResolution_Nup60GFP_01_21_R3D_D3D_nucleus_3_substack_frame_3",539.51,335.83,1.61,0.62,2.54,7.11,3.54,0,"Anaphase I","201211_HighTimeResolution_Nup60GFP_01_21_R3D_D3D_nucleus_3",118.054704595186,132.216535433071,1.11995990237277,0.892889109584529,"Nup60-GFP_WT"
"12","201211_14646_4timepoints_measurements.csv","201211_HighTimeResolution_Nup60GFP_01_21_R3D_D3D_nucleus_3_substack_frame_4",513.72,211.94,2.42,0.41,1.89,5.53,2.67,0,"+10 min","201211_HighTimeResolution_Nup60GFP_01_21_R3D_D3D_nucleus_3",141.131868131868,112.137566137566,0.794558788329714,1.25856011498174,"Nup60-GFP_WT"
"13","201211_14646_4timepoints_measurements.csv","201211_HighTimeResolution_Nup60GFP_01_21_R3D_D3D_nucleus_4_substack_frame_1",972.4,315.44,3.08,0.32,3.74,8.87,4.92,0,"-45 min","201211_HighTimeResolution_Nup60GFP_01_21_R3D_D3D_nucleus_4",189.551656920078,84.3422459893048,0.444956521930413,2.24741059117769,"Nup60-GFP_WT"
"14","201211_14646_4timepoints_measurements.csv","201211_HighTimeResolution_Nup60GFP_01_21_R3D_D3D_nucleus_4_substack_frame_2",678.52,216.99,3.13,0.32,2.51,6.8,3.46,0,"-10 min","201211_HighTimeResolution_Nup60GFP_01_21_R3D_D3D_nucleus_4",158.16317016317,86.4501992031873,0.546588685052281,1.82952927374329,"Nup60-GFP_WT"
"15","201211_14646_4timepoints_measurements.csv","201211_HighTimeResolution_Nup60GFP_01_21_R3D_D3D_nucleus_4_substack_frame_3",451.5,261.88,1.72,0.58,1.85,5.3,2.6,0,"Anaphase I","201211_HighTimeResolution_Nup60GFP_01_21_R3D_D3D_nucleus_4",130.869565217391,141.556756756757,1.08166292538386,0.92450242726506,"Nup60-GFP_WT"
"16","201211_14646_4timepoints_measurements.csv","201211_HighTimeResolution_Nup60GFP_01_21_R3D_D3D_nucleus_4_substack_frame_4",424.8,207.16,2.05,0.49,2.04,5.68,2.84,0,"+10 min","201211_HighTimeResolution_Nup60GFP_01_21_R3D_D3D_nucleus_4",116.703296703297,101.549019607843,0.870146966507884,1.14923115116203,"Nup60-GFP_WT"
"17","201211_14646_4timepoints_measurements.csv","201211_HighTimeResolution_Nup60GFP_01_21_R3D_D3D_nucleus_6_substack_frame_1",844.26,323.41,2.61,0.38,3.46,8.28,4.55,0,"-45 min","201211_HighTimeResolution_Nup60GFP_01_21_R3D_D3D_nucleus_6",175.157676348548,93.471098265896,0.533639747994242,1.87392337950581,"Nup60-GFP_WT"
"18","201211_14646_4timepoints_measurements.csv","201211_HighTimeResolution_Nup60GFP_01_21_R3D_D3D_nucleus_6_substack_frame_2",740.87,261.93,2.83,0.35,2.82,7.36,3.88,0,"-10 min","201211_HighTimeResolution_Nup60GFP_01_21_R3D_D3D_nucleus_6",163.187224669603,92.8829787234043,0.569180454606416,1.75691205119032,"Nup60-GFP_WT"
"19","201211_14646_4timepoints_measurements.csv","201211_HighTimeResolution_Nup60GFP_01_21_R3D_D3D_nucleus_6_substack_frame_3",609.49,322.14,1.89,0.53,2.36,6.65,3.37,0,"Anaphase I","201211_HighTimeResolution_Nup60GFP_01_21_R3D_D3D_nucleus_6",142.072261072261,136.5,0.960778683817618,1.04082242543781,"Nup60-GFP_WT"
"20","201211_14646_4timepoints_measurements.csv","201211_HighTimeResolution_Nup60GFP_01_21_R3D_D3D_nucleus_6_substack_frame_4",399.68,198.94,2.01,0.5,1.84,5.57,2.67,0,"+10 min","201211_HighTimeResolution_Nup60GFP_01_21_R3D_D3D_nucleus_6",107.152815013405,108.119565217391,1.00902216338288,0.991058508216874,"Nup60-GFP_WT"
"21","201211_14646_4timepoints_measurements.csv","201211_HighTimeResolution_Nup60GFP_01_22_R3D_D3D_nucleus_1_substack_frame_1",696.54,245.65,2.84,0.35,2.79,7.25,3.79,0,"-45 min","201211_HighTimeResolution_Nup60GFP_01_22_R3D_D3D_nucleus_1",156.174887892377,88.0465949820789,0.563769221609774,1.7737754415621,"Nup60-GFP_WT"
"22","201211_14646_4timepoints_measurements.csv","201211_HighTimeResolution_Nup60GFP_01_22_R3D_D3D_nucleus_1_substack_frame_2",658.99,336.9,1.96,0.51,3.6,8.17,4.63,0,"-10 min","201211_HighTimeResolution_Nup60GFP_01_22_R3D_D3D_nucleus_1",144.199124726477,93.5833333333333,0.648986833386445,1.54086330963288,"Nup60-GFP_WT"
"23","201211_14646_4timepoints_measurements.csv","201211_HighTimeResolution_Nup60GFP_01_22_R3D_D3D_nucleus_1_substack_frame_3",603.32,579.07,1.04,0.96,4.63,10.57,6.02,0,"Anaphase I","201211_HighTimeResolution_Nup60GFP_01_22_R3D_D3D_nucleus_1",101.569023569024,125.069114470842,1.23137064900352,0.812103163908645,"Nup60-GFP_WT"
"24","201211_14646_4timepoints_measurements.csv","201211_HighTimeResolution_Nup60GFP_01_22_R3D_D3D_nucleus_1_substack_frame_4",471.36,177.88,2.65,0.38,1.92,5.65,2.73,0,"+10 min","201211_HighTimeResolution_Nup60GFP_01_22_R3D_D3D_nucleus_1",126.369973190349,92.6458333333333,0.733131700469563,1.36401140389852,"Nup60-GFP_WT"
"25","201211_14646_4timepoints_measurements.csv","201211_HighTimeResolution_Nup60GFP_01_22_R3D_D3D_nucleus_2_substack_frame_1",824.31,310,2.66,0.38,2.8,7.09,3.75,0,"-45 min","201211_HighTimeResolution_Nup60GFP_01_22_R3D_D3D_nucleus_2",192.146853146853,110.714285714286,0.576196195259412,1.73551996390706,"Nup60-GFP_WT"
"26","201211_14646_4timepoints_measurements.csv","201211_HighTimeResolution_Nup60GFP_01_22_R3D_D3D_nucleus_2_substack_frame_2",723.01,240.05,3.01,0.33,2.49,6.69,3.43,0,"-10 min","201211_HighTimeResolution_Nup60GFP_01_22_R3D_D3D_nucleus_2",172.145238095238,96.4056224899598,0.560024915917942,1.78563483798018,"Nup60-GFP_WT"
"27","201211_14646_4timepoints_measurements.csv","201211_HighTimeResolution_Nup60GFP_01_22_R3D_D3D_nucleus_2_substack_frame_3",682.02,479.59,1.42,0.7,3.57,8.85,4.78,0,"Anaphase I","201211_HighTimeResolution_Nup60GFP_01_22_R3D_D3D_nucleus_2",129.170454545455,134.33893557423,1.04001287327634,0.961526559618159,"Nup60-GFP_WT"
"28","201211_14646_4timepoints_measurements.csv","201211_HighTimeResolution_Nup60GFP_01_22_R3D_D3D_nucleus_2_substack_frame_4",434.56,250.44,1.74,0.58,2.11,6.19,3.02,0,"+10 min","201211_HighTimeResolution_Nup60GFP_01_22_R3D_D3D_nucleus_2",106.509803921569,118.691943127962,1.1143757546992,0.89736338553949,"Nup60-GFP_WT"
"29","201211_14646_4timepoints_measurements.csv","201211_HighTimeResolution_Nup60GFP_01_22_R3D_D3D_nucleus_3_substack_frame_1",844.65,285.33,2.96,0.34,3,7.57,4,0,"-45 min","201211_HighTimeResolution_Nup60GFP_01_22_R3D_D3D_nucleus_3",184.824945295405,95.11,0.514595039365418,1.94327563132588,"Nup60-GFP_WT"
"30","201211_14646_4timepoints_measurements.csv","201211_HighTimeResolution_Nup60GFP_01_22_R3D_D3D_nucleus_3_substack_frame_2",598.68,230.4,2.6,0.38,2.52,6.72,3.51,0,"-10 min","201211_HighTimeResolution_Nup60GFP_01_22_R3D_D3D_nucleus_3",142.542857142857,91.4285714285714,0.641411104429745,1.5590625,"Nup60-GFP_WT"
"31","201211_14646_4timepoints_measurements.csv","201211_HighTimeResolution_Nup60GFP_01_22_R3D_D3D_nucleus_3_substack_frame_3",480.54,352.89,1.36,0.73,2.55,7.03,3.65,0,"Anaphase I","201211_HighTimeResolution_Nup60GFP_01_22_R3D_D3D_nucleus_3",107.263392857143,138.388235294118,1.29017208581522,0.775090401501075,"Nup60-GFP_WT"
"32","201211_14646_4timepoints_measurements.csv","201211_HighTimeResolution_Nup60GFP_01_22_R3D_D3D_nucleus_3_substack_frame_4",462.44,186.14,2.48,0.4,2.01,5.83,2.84,0,"+10 min","201211_HighTimeResolution_Nup60GFP_01_22_R3D_D3D_nucleus_3",121.057591623037,92.6069651741294,0.764982715520228,1.30721907791073,"Nup60-GFP_WT"
"33","201211_14646_4timepoints_measurements.csv","201211_HighTimeResolution_Nup60GFP_01_22_R3D_D3D_nucleus_4_substack_frame_1",967.65,304.59,3.18,0.31,3.1,7.86,4.15,0,"-45 min","201211_HighTimeResolution_Nup60GFP_01_22_R3D_D3D_nucleus_4",203.28781512605,98.2548387096774,0.483328716228042,2.06898528149564,"Nup60-GFP_WT"
"34","201211_14646_4timepoints_measurements.csv","201211_HighTimeResolution_Nup60GFP_01_22_R3D_D3D_nucleus_4_substack_frame_2",831.58,391.29,2.13,0.47,3.46,8.13,4.51,0,"-10 min","201211_HighTimeResolution_Nup60GFP_01_22_R3D_D3D_nucleus_4",178.06852248394,113.089595375723,0.63509032252414,1.57457918115575,"Nup60-GFP_WT"
"35","201211_14646_4timepoints_measurements.csv","201211_HighTimeResolution_Nup60GFP_01_22_R3D_D3D_nucleus_4_substack_frame_3",504.32,353.76,1.43,0.7,2.05,5.6,2.8,0,"Anaphase I","201211_HighTimeResolution_Nup60GFP_01_22_R3D_D3D_nucleus_4",142.061971830986,172.565853658537,1.21472235978705,0.823233384931935,"Nup60-GFP_WT"
"36","201211_14646_4timepoints_measurements.csv","201211_HighTimeResolution_Nup60GFP_01_22_R3D_D3D_nucleus_4_substack_frame_4",389.34,121.3,3.21,0.31,1.43,4.7,2.12,0,"+10 min","201211_HighTimeResolution_Nup60GFP_01_22_R3D_D3D_nucleus_4",119.064220183486,84.8251748251748,0.712432120199111,1.4036424968045,"Nup60-GFP_WT"
"37","201211_14646_4timepoints_measurements.csv","201211_HighTimeResolution_Nup60GFP_01_22_R3D_D3D_nucleus_5_substack_frame_1",737.65,253.32,2.91,0.34,2.39,6.72,3.4,0,"-45 min","201211_HighTimeResolution_Nup60GFP_01_22_R3D_D3D_nucleus_5",170.357967667436,105.991631799163,0.622170088375756,1.60727752536386,"Nup60-GFP_WT"
"38","201211_14646_4timepoints_measurements.csv","201211_HighTimeResolution_Nup60GFP_01_22_R3D_D3D_nucleus_5_substack_frame_2",745.4,302.8,2.46,0.41,3.51,8.17,4.56,0,"-10 min","201211_HighTimeResolution_Nup60GFP_01_22_R3D_D3D_nucleus_5",159.957081545064,86.2678062678063,0.539318456141638,1.85419206150322,"Nup60-GFP_WT"
"39","201211_14646_4timepoints_measurements.csv","201211_HighTimeResolution_Nup60GFP_01_22_R3D_D3D_nucleus_5_substack_frame_3",690.95,617.72,1.12,0.89,4.69,10.75,6.12,0,"Anaphase I","201211_HighTimeResolution_Nup60GFP_01_22_R3D_D3D_nucleus_5",114.018151815182,131.710021321962,1.1551671310675,0.86567560061711,"Nup60-GFP_WT"
"40","201211_14646_4timepoints_measurements.csv","201211_HighTimeResolution_Nup60GFP_01_22_R3D_D3D_nucleus_5_substack_frame_4",521.01,227.06,2.29,0.44,2.3,6.21,3.15,0,"+10 min","201211_HighTimeResolution_Nup60GFP_01_22_R3D_D3D_nucleus_5",133.250639386189,98.7217391304348,0.740872536035777,1.34975984580391,"Nup60-GFP_WT"
"41","201211_14646_4timepoints_measurements.csv","201211_HighTimeResolution_Nup60GFP_01_23_R3D_D3D_nucleus_1_substack_frame_1",772.34,314.53,2.46,0.41,3.36,8.11,4.44,0,"-45 min","201211_HighTimeResolution_Nup60GFP_01_23_R3D_D3D_nucleus_1",162.597894736842,93.610119047619,0.57571544329724,1.73696921220802,"Nup60-GFP_WT"
"42","201211_14646_4timepoints_measurements.csv","201211_HighTimeResolution_Nup60GFP_01_23_R3D_D3D_nucleus_1_substack_frame_2",659.18,254.68,2.59,0.39,2.75,7.21,3.77,0,"-10 min","201211_HighTimeResolution_Nup60GFP_01_23_R3D_D3D_nucleus_1",147.798206278027,92.6109090909091,0.626603741839034,1.59590492879132,"Nup60-GFP_WT"
"43","201211_14646_4timepoints_measurements.csv","201211_HighTimeResolution_Nup60GFP_01_23_R3D_D3D_nucleus_1_substack_frame_3",583.4,528.75,1.1,0.91,3.91,9.78,5.23,0,"Anaphase I","201211_HighTimeResolution_Nup60GFP_01_23_R3D_D3D_nucleus_1",99.3867120954004,135.230179028133,1.36064647050933,0.73494476462036,"Nup60-GFP_WT"
"44","201211_14646_4timepoints_measurements.csv","201211_HighTimeResolution_Nup60GFP_01_23_R3D_D3D_nucleus_1_substack_frame_4",408.79,142.48,2.87,0.35,1.76,5.3,2.55,0,"+10 min","201211_HighTimeResolution_Nup60GFP_01_23_R3D_D3D_nucleus_1",115.477401129944,80.9545454545455,0.701042322241471,1.426447403065,"Nup60-GFP_WT"
"45","201211_14646_4timepoints_measurements.csv","201211_HighTimeResolution_Nup60GFP_01_23_R3D_D3D_nucleus_6_substack_frame_1",673.16,330.54,2.04,0.49,3.32,7.89,4.33,0,"-45 min","201211_HighTimeResolution_Nup60GFP_01_23_R3D_D3D_nucleus_6",147.299781181619,99.5602409638554,0.675902164722829,1.47950406463053,"Nup60-GFP_WT"
"46","201211_14646_4timepoints_measurements.csv","201211_HighTimeResolution_Nup60GFP_01_23_R3D_D3D_nucleus_6_substack_frame_2",637.91,297.62,2.14,0.47,3.12,7.32,4.06,0,"-10 min","201211_HighTimeResolution_Nup60GFP_01_23_R3D_D3D_nucleus_6",151.883333333333,95.3910256410256,0.628054596561126,1.59221826490155,"Nup60-GFP_WT"
"47","201211_14646_4timepoints_measurements.csv","201211_HighTimeResolution_Nup60GFP_01_23_R3D_D3D_nucleus_6_substack_frame_3",643.1,344.84,1.86,0.54,2.42,6.6,3.33,0,"Anaphase I","201211_HighTimeResolution_Nup60GFP_01_23_R3D_D3D_nucleus_6",153.851674641148,142.495867768595,0.926189904016058,1.07969218371297,"Nup60-GFP_WT"
"48","201211_14646_4timepoints_measurements.csv","201211_HighTimeResolution_Nup60GFP_01_23_R3D_D3D_nucleus_6_substack_frame_4",416.49,273.36,1.52,0.66,2.16,6.07,3.02,0,"+10 min","201211_HighTimeResolution_Nup60GFP_01_23_R3D_D3D_nucleus_6",106.519181585678,126.555555555556,1.18810108819473,0.841679222362686,"Nup60-GFP_WT"
"49","201211_14646_4timepoints_measurements.csv","201211_HighTimeResolution_Nup60GFP_01_23_R3D_D3D_nucleus_7_substack_frame_1",888.09,406.16,2.19,0.46,4.09,9.09,5.26,0,"-45 min","201211_HighTimeResolution_Nup60GFP_01_23_R3D_D3D_nucleus_7",177.618,99.3056234718827,0.55909662011667,1.78859961591491,"Nup60-GFP_WT"
"50","201211_14646_4timepoints_measurements.csv","201211_HighTimeResolution_Nup60GFP_01_23_R3D_D3D_nucleus_7_substack_frame_2",760.98,260.48,2.92,0.34,3.02,7.31,3.98,0,"-10 min","201211_HighTimeResolution_Nup60GFP_01_23_R3D_D3D_nucleus_7",177.384615384615,86.2516556291391,0.48624090337329,2.05659374409374,"Nup60-GFP_WT"
"51","201211_14646_4timepoints_measurements.csv","201211_HighTimeResolution_Nup60GFP_01_23_R3D_D3D_nucleus_7_substack_frame_3",702.15,652.63,1.08,0.93,5.19,11.96,6.77,0,"Anaphase I","201211_HighTimeResolution_Nup60GFP_01_23_R3D_D3D_nucleus_7",103.714918759232,125.747591522158,1.21243494211352,0.824786522777705,"Nup60-GFP_WT"
"52","201211_14646_4timepoints_measurements.csv","201211_HighTimeResolution_Nup60GFP_01_23_R3D_D3D_nucleus_7_substack_frame_4",529.73,221.41,2.39,0.42,1.94,5.57,2.74,0,"+10 min","201211_HighTimeResolution_Nup60GFP_01_23_R3D_D3D_nucleus_7",145.931129476584,114.128865979381,0.782073478007956,1.27865223424675,"Nup60-GFP_WT"
"53","201211_14646_4timepoints_measurements.csv","201211_HighTimeResolution_Nup60GFP_01_23_R3D_D3D_nucleus_8_substack_frame_1",841.13,334.5,2.51,0.4,3.3,7.87,4.36,0,"-45 min","201211_HighTimeResolution_Nup60GFP_01_23_R3D_D3D_nucleus_8",184.054704595186,101.363636363636,0.550725593168497,1.81578632336058,"Nup60-GFP_WT"
"54","201211_14646_4timepoints_measurements.csv","201211_HighTimeResolution_Nup60GFP_01_23_R3D_D3D_nucleus_8_substack_frame_2",642.54,280.67,2.29,0.44,2.98,7.27,3.96,0,"-10 min","201211_HighTimeResolution_Nup60GFP_01_23_R3D_D3D_nucleus_8",149.776223776224,94.1845637583893,0.62883521418665,1.59024173176024,"Nup60-GFP_WT"
"55","201211_14646_4timepoints_measurements.csv","201211_HighTimeResolution_Nup60GFP_01_23_R3D_D3D_nucleus_8_substack_frame_3",631.28,498.55,1.27,0.79,4.36,10.98,5.9,0,"Anaphase I","201211_HighTimeResolution_Nup60GFP_01_23_R3D_D3D_nucleus_8",95.3595166163142,114.346330275229,1.19910769614437,0.833953449898967,"Nup60-GFP_WT"
"56","201211_14646_4timepoints_measurements.csv","201211_HighTimeResolution_Nup60GFP_01_23_R3D_D3D_nucleus_8_substack_frame_4",385.58,234.47,1.64,0.61,2.15,6.06,3,0,"+10 min","201211_HighTimeResolution_Nup60GFP_01_23_R3D_D3D_nucleus_8",98.613810741688,109.055813953488,1.10588783795358,0.904250834198956,"Nup60-GFP_WT"
"57","201211_14646_4timepoints_measurements.csv","201211_HighTimeResolution_Nup60GFP_01_23_R3D_D3D_nucleus_9_substack_frame_1",880.33,315.39,2.79,0.36,3.42,8.08,4.45,0,"-45 min","201211_HighTimeResolution_Nup60GFP_01_23_R3D_D3D_nucleus_9",188.912017167382,92.219298245614,0.488160042057594,2.04850850918687,"Nup60-GFP_WT"
"58","201211_14646_4timepoints_measurements.csv","201211_HighTimeResolution_Nup60GFP_01_23_R3D_D3D_nucleus_9_substack_frame_2",706.98,351.61,2.01,0.5,4.03,8.98,5.15,0,"-10 min","201211_HighTimeResolution_Nup60GFP_01_23_R3D_D3D_nucleus_9",142.824242424242,87.2481389578164,0.610877659680884,1.63698898486874,"Nup60-GFP_WT"
"59","201211_14646_4timepoints_measurements.csv","201211_HighTimeResolution_Nup60GFP_01_23_R3D_D3D_nucleus_9_substack_frame_3",427.89,244.42,1.75,0.57,1.97,5.51,2.72,0,"Anaphase I","201211_HighTimeResolution_Nup60GFP_01_23_R3D_D3D_nucleus_9",120.872881355932,124.071065989848,1.0264590750054,0.974222961587376,"Nup60-GFP_WT"
"60","201211_14646_4timepoints_measurements.csv","201211_HighTimeResolution_Nup60GFP_01_23_R3D_D3D_nucleus_9_substack_frame_4",418.32,177.2,2.36,0.42,2.05,5.6,2.82,0,"+10 min","201211_HighTimeResolution_Nup60GFP_01_23_R3D_D3D_nucleus_9",117.83661971831,86.4390243902439,0.733549762347882,1.36323403172988,"Nup60-GFP_WT"
"61","201211_14646_4timepoints_measurements.csv","201211_HighTimeResolution_Nup60GFP_01_24_R3D_D3D_nucleus_1_substack_frame_1",894.77,332.69,2.69,0.37,3.39,8.17,4.49,0,"-45 min","201211_HighTimeResolution_Nup60GFP_01_24_R3D_D3D_nucleus_1",187.190376569038,98.1386430678466,0.524271839538995,1.90740742603937,"Nup60-GFP_WT"
"62","201211_14646_4timepoints_measurements.csv","201211_HighTimeResolution_Nup60GFP_01_24_R3D_D3D_nucleus_1_substack_frame_2",810.19,235.41,3.44,0.29,2.96,7.44,3.98,0,"-10 min","201211_HighTimeResolution_Nup60GFP_01_24_R3D_D3D_nucleus_1",180.845982142857,79.5304054054054,0.439768716247073,2.27392254850201,"Nup60-GFP_WT"
"63","201211_14646_4timepoints_measurements.csv","201211_HighTimeResolution_Nup60GFP_01_24_R3D_D3D_nucleus_1_substack_frame_3",385.41,209.49,1.84,0.54,2.04,5.77,2.87,0,"Anaphase I","201211_HighTimeResolution_Nup60GFP_01_24_R3D_D3D_nucleus_1",103.327077747989,102.691176470588,0.993845744104445,1.00619236529619,"Nup60-GFP_WT"
"64","201211_14646_4timepoints_measurements.csv","201211_HighTimeResolution_Nup60GFP_01_24_R3D_D3D_nucleus_1_substack_frame_4",406.92,136.18,2.99,0.33,1.63,4.99,2.34,0,"+10 min","201211_HighTimeResolution_Nup60GFP_01_24_R3D_D3D_nucleus_1",121.107142857143,83.5460122699387,0.689852062388169,1.44958615697711,"Nup60-GFP_WT"
"65","201211_14646_4timepoints_measurements.csv","201211_HighTimeResolution_Nup60GFP_01_24_R3D_D3D_nucleus_2_substack_frame_1",945.2,347.16,2.72,0.37,3.07,7.64,4.12,0,"-45 min","201211_HighTimeResolution_Nup60GFP_01_24_R3D_D3D_nucleus_2",206.827133479212,113.081433224756,0.546743704863662,1.82901054205894,"Nup60-GFP_WT"
"66","201211_14646_4timepoints_measurements.csv","201211_HighTimeResolution_Nup60GFP_01_24_R3D_D3D_nucleus_2_substack_frame_2",898.51,329.6,2.73,0.37,3.09,7.57,4.13,0,"-10 min","201211_HighTimeResolution_Nup60GFP_01_24_R3D_D3D_nucleus_2",200.560267857143,106.666666666667,0.531843459356787,1.88025251116071,"Nup60-GFP_WT"
"67","201211_14646_4timepoints_measurements.csv","201211_HighTimeResolution_Nup60GFP_01_24_R3D_D3D_nucleus_2_substack_frame_3",645.55,613.29,1.05,0.95,3.98,8.92,5.09,0,"Anaphase I","201211_HighTimeResolution_Nup60GFP_01_24_R3D_D3D_nucleus_2",130.678137651822,154.092964824121,1.1791793760842,0.848047396589299,"Nup60-GFP_WT"
"68","201211_14646_4timepoints_measurements.csv","201211_HighTimeResolution_Nup60GFP_01_24_R3D_D3D_nucleus_2_substack_frame_4",496.85,189.9,2.62,0.38,1.67,5.12,2.4,0,"+10 min","201211_HighTimeResolution_Nup60GFP_01_24_R3D_D3D_nucleus_2",144.014492753623,113.712574850299,0.789591190970178,1.2664781616564,"Nup60-GFP_WT"
"69","201211_14646_4timepoints_measurements.csv","201211_HighTimeResolution_Nup60GFP_01_24_R3D_D3D_nucleus_3_substack_frame_1",761.12,198.73,3.83,0.26,2.58,6.67,3.46,0,"-45 min","201211_HighTimeResolution_Nup60GFP_01_24_R3D_D3D_nucleus_3",186.092909535452,77.0271317829457,0.413917606937471,2.41593975042252,"Nup60-GFP_WT"
"70","201211_14646_4timepoints_measurements.csv","201211_HighTimeResolution_Nup60GFP_01_24_R3D_D3D_nucleus_3_substack_frame_2",759.22,227.87,3.33,0.3,2.55,6.75,3.47,0,"-10 min","201211_HighTimeResolution_Nup60GFP_01_24_R3D_D3D_nucleus_3",180.766666666667,89.3607843137255,0.494343265611611,2.02288585597051,"Nup60-GFP_WT"
"71","201211_14646_4timepoints_measurements.csv","201211_HighTimeResolution_Nup60GFP_01_24_R3D_D3D_nucleus_3_substack_frame_3",708.42,503.71,1.41,0.71,4.16,9.48,5.36,0,"Anaphase I","201211_HighTimeResolution_Nup60GFP_01_24_R3D_D3D_nucleus_3",133.161654135338,121.084134615385,0.90930182117084,1.09974485557763,"Nup60-GFP_WT"
"72","201211_14646_4timepoints_measurements.csv","201211_HighTimeResolution_Nup60GFP_01_24_R3D_D3D_nucleus_3_substack_frame_4",481.56,209.71,2.3,0.44,2.3,6.12,3.12,0,"+10 min","201211_HighTimeResolution_Nup60GFP_01_24_R3D_D3D_nucleus_3",126.062827225131,91.1782608695652,0.723276344633564,1.38259740888752,"Nup60-GFP_WT"
"73","201211_14646_4timepoints_measurements.csv","201211_HighTimeResolution_Nup60GFP_01_25_R3D_D3D_nucleus_2_substack_frame_1",779.37,362.5,2.15,0.47,3.29,7.86,4.35,0,"-45 min","201211_HighTimeResolution_Nup60GFP_01_25_R3D_D3D_nucleus_2",170.540481400438,110.182370820669,0.646077517290191,1.54780188636535,"Nup60-GFP_WT"
"74","201211_14646_4timepoints_measurements.csv","201211_HighTimeResolution_Nup60GFP_01_25_R3D_D3D_nucleus_2_substack_frame_2",760.3,315.05,2.41,0.41,3.04,7.52,4.02,0,"-10 min","201211_HighTimeResolution_Nup60GFP_01_25_R3D_D3D_nucleus_2",169.709821428571,103.634868421053,0.610659227313318,1.63757453465436,"Nup60-GFP_WT"
"75","201211_14646_4timepoints_measurements.csv","201211_HighTimeResolution_Nup60GFP_01_25_R3D_D3D_nucleus_2_substack_frame_3",531.94,289.47,1.84,0.54,2.31,7.31,3.47,0,"Anaphase I","201211_HighTimeResolution_Nup60GFP_01_25_R3D_D3D_nucleus_2",106.388,125.311688311688,1.17787427446412,0.848987045289667,"Nup60-GFP_WT"
"76","201211_14646_4timepoints_measurements.csv","201211_HighTimeResolution_Nup60GFP_01_25_R3D_D3D_nucleus_2_substack_frame_4",449.1,153.93,2.92,0.34,1.67,5.12,2.39,0,"+10 min","201211_HighTimeResolution_Nup60GFP_01_25_R3D_D3D_nucleus_2",130.173913043478,92.1736526946108,0.708080832323329,1.41226813995068,"Nup60-GFP_WT"
"77","201211_14646_4timepoints_measurements.csv","201211_HighTimeResolution_Nup60GFP_01_25_R3D_D3D_nucleus_3_substack_frame_1",862.32,420.32,2.05,0.49,4,9.29,5.21,0,"-45 min","201211_HighTimeResolution_Nup60GFP_01_25_R3D_D3D_nucleus_3",163.009451795841,105.08,0.644625197142592,1.55128903498136,"Nup60-GFP_WT"
"78","201211_14646_4timepoints_measurements.csv","201211_HighTimeResolution_Nup60GFP_01_25_R3D_D3D_nucleus_3_substack_frame_2",764.85,319.29,2.4,0.42,3.16,7.73,4.21,0,"-10 min","201211_HighTimeResolution_Nup60GFP_01_25_R3D_D3D_nucleus_3",167.363238512035,101.041139240506,0.603723614210778,1.65638708916042,"Nup60-GFP_WT"
"79","201211_14646_4timepoints_measurements.csv","201211_HighTimeResolution_Nup60GFP_01_25_R3D_D3D_nucleus_3_substack_frame_3",734.29,645.06,1.14,0.88,4.37,10.61,5.86,0,"Anaphase I","201211_HighTimeResolution_Nup60GFP_01_25_R3D_D3D_nucleus_3",117.674679487179,147.610983981693,1.25439886154757,0.797194601058777,"Nup60-GFP_WT"
"80","201211_14646_4timepoints_measurements.csv","201211_HighTimeResolution_Nup60GFP_01_25_R3D_D3D_nucleus_3_substack_frame_4",537.21,179.38,2.99,0.33,1.77,5.22,2.53,0,"+10 min","201211_HighTimeResolution_Nup60GFP_01_25_R3D_D3D_nucleus_3",155.713043478261,101.344632768362,0.650842283373071,1.53647054831376,"Nup60-GFP_WT"
"81","201211_14646_4timepoints_measurements.csv","201211_HighTimeResolution_Nup60GFP_01_26_R3D_D3D_nucleus_1_substack_frame_1",659.94,305,2.16,0.46,3.47,7.95,4.5,0,"-45 min","201211_HighTimeResolution_Nup60GFP_01_26_R3D_D3D_nucleus_1",147.308035714286,87.8962536023055,0.596683359302859,1.67593076697892,"Nup60-GFP_WT"
"82","201211_14646_4timepoints_measurements.csv","201211_HighTimeResolution_Nup60GFP_01_26_R3D_D3D_nucleus_1_substack_frame_2",697.01,251.09,2.78,0.36,2.95,7.43,3.95,0,"-10 min","201211_HighTimeResolution_Nup60GFP_01_26_R3D_D3D_nucleus_1",155.582589285714,85.1152542372881,0.547074416411602,1.82790488825862,"Nup60-GFP_WT"
"83","201211_14646_4timepoints_measurements.csv","201211_HighTimeResolution_Nup60GFP_01_26_R3D_D3D_nucleus_1_substack_frame_3",421.06,249.88,1.69,0.59,1.94,5.57,2.7,0,"Anaphase I","201211_HighTimeResolution_Nup60GFP_01_26_R3D_D3D_nucleus_1",115.994490358127,128.80412371134,1.11043311896681,0.900549508943356,"Nup60-GFP_WT"
"84","201211_14646_4timepoints_measurements.csv","201211_HighTimeResolution_Nup60GFP_01_26_R3D_D3D_nucleus_1_substack_frame_4",432.8,184.24,2.35,0.43,1.74,5.37,2.55,0,"+10 min","201211_HighTimeResolution_Nup60GFP_01_26_R3D_D3D_nucleus_1",119.228650137741,105.885057471264,0.888084007903627,1.12601960073637,"Nup60-GFP_WT"
"85","201211_14646_4timepoints_measurements.csv","201211_HighTimeResolution_Nup60GFP_01_27_R3D_D3D_nucleus_1_substack_frame_1",808.15,308.35,2.62,0.38,3.77,8.77,4.95,0,"-45 min","201211_HighTimeResolution_Nup60GFP_01_27_R3D_D3D_nucleus_1",161.63,81.790450928382,0.506035085865136,1.97614755959137,"Nup60-GFP_WT"
"86","201211_14646_4timepoints_measurements.csv","201211_HighTimeResolution_Nup60GFP_01_27_R3D_D3D_nucleus_1_substack_frame_2",561.7,183.62,3.06,0.33,2.06,5.79,2.86,0,"-10 min","201211_HighTimeResolution_Nup60GFP_01_27_R3D_D3D_nucleus_1",150.58981233244,89.1359223300971,0.591912035412608,1.68944022113509,"Nup60-GFP_WT"
"87","201211_14646_4timepoints_measurements.csv","201211_HighTimeResolution_Nup60GFP_01_27_R3D_D3D_nucleus_1_substack_frame_3",299.96,99.3,3.02,0.33,0.96,3.75,1.55,0,"Anaphase I","201211_HighTimeResolution_Nup60GFP_01_27_R3D_D3D_nucleus_1",107.512544802867,103.4375,0.962097029603947,1.03939620353225,"Nup60-GFP_WT"
"88","201211_14646_4timepoints_measurements.csv","201211_HighTimeResolution_Nup60GFP_01_27_R3D_D3D_nucleus_1_substack_frame_4",328.08,125.78,2.61,0.38,1.32,4.49,2.01,0,"+10 min","201211_HighTimeResolution_Nup60GFP_01_27_R3D_D3D_nucleus_1",103.495268138801,95.2878787878788,0.920697926595878,1.08613256434423,"Nup60-GFP_WT"
"89","201211_14646_4timepoints_measurements.csv","201211_HighTimeResolution_Nup60GFP_01_27_R3D_D3D_nucleus_2_substack_frame_1",852.5,363.53,2.35,0.43,3.43,8.28,4.5,0,"-45 min","201211_HighTimeResolution_Nup60GFP_01_27_R3D_D3D_nucleus_2",175.773195876289,105.985422740525,0.602966921163103,1.65846577134121,"Nup60-GFP_WT"
"90","201211_14646_4timepoints_measurements.csv","201211_HighTimeResolution_Nup60GFP_01_27_R3D_D3D_nucleus_2_substack_frame_2",846.57,340.98,2.48,0.4,3.16,7.64,4.14,0,"-10 min","201211_HighTimeResolution_Nup60GFP_01_27_R3D_D3D_nucleus_2",188.966517857143,107.905063291139,0.571027420702722,1.75122938714462,"Nup60-GFP_WT"
"91","201211_14646_4timepoints_measurements.csv","201211_HighTimeResolution_Nup60GFP_01_27_R3D_D3D_nucleus_2_substack_frame_3",859.85,599.02,1.44,0.7,4.1,10.25,5.5,0,"Anaphase I","201211_HighTimeResolution_Nup60GFP_01_27_R3D_D3D_nucleus_2",139.813008130081,146.10243902439,1.04498459033552,0.956951910342448,"Nup60-GFP_WT"
"92","201211_14646_4timepoints_measurements.csv","201211_HighTimeResolution_Nup60GFP_01_27_R3D_D3D_nucleus_2_substack_frame_4",448.68,180.16,2.49,0.4,1.81,5.26,2.59,0,"+10 min","201211_HighTimeResolution_Nup60GFP_01_27_R3D_D3D_nucleus_2",130.052173913044,99.5359116022099,0.765353693116752,1.30658545061395,"Nup60-GFP_WT"
"93","201211_14646_4timepoints_measurements.csv","201211_HighTimeResolution_Nup60GFP_01_27_R3D_D3D_nucleus_3_substack_frame_1",951.82,344.34,2.76,0.36,3.51,8.27,4.63,0,"-45 min","201211_HighTimeResolution_Nup60GFP_01_27_R3D_D3D_nucleus_3",199.96218487395,98.1025641025641,0.490605582072456,2.03829723211815,"Nup60-GFP_WT"
"94","201211_14646_4timepoints_measurements.csv","201211_HighTimeResolution_Nup60GFP_01_27_R3D_D3D_nucleus_3_substack_frame_2",820.5,340.42,2.41,0.41,3.38,7.95,4.4,0,"-10 min","201211_HighTimeResolution_Nup60GFP_01_27_R3D_D3D_nucleus_3",179.540481400438,100.715976331361,0.560965279505569,1.78264152262934,"Nup60-GFP_WT"
"95","201211_14646_4timepoints_measurements.csv","201211_HighTimeResolution_Nup60GFP_01_27_R3D_D3D_nucleus_3_substack_frame_3",543.06,457.9,1.19,0.84,3.38,8.23,4.48,0,"Anaphase I","201211_HighTimeResolution_Nup60GFP_01_27_R3D_D3D_nucleus_3",111.971134020619,135.473372781065,1.20989551428602,0.826517652303321,"Nup60-GFP_WT"
"96","201211_14646_4timepoints_measurements.csv","201211_HighTimeResolution_Nup60GFP_01_27_R3D_D3D_nucleus_3_substack_frame_4",414.11,234.8,1.76,0.57,1.94,5.57,2.72,0,"+10 min","201211_HighTimeResolution_Nup60GFP_01_27_R3D_D3D_nucleus_3",114.079889807163,121.030927835052,1.06093131786539,0.942568084437373,"Nup60-GFP_WT"
"97","201211_14646_4timepoints_measurements.csv","201211_HighTimeResolution_Nup60GFP_01_28_R3D_D3D_nucleus_2_substack_frame_1",718.37,299.84,2.4,0.42,3.11,7.5,4.12,0,"-45 min","201211_HighTimeResolution_Nup60GFP_01_28_R3D_D3D_nucleus_2",163.637813211845,96.411575562701,0.589176631429844,1.6972838816997,"Nup60-GFP_WT"
"98","201211_14646_4timepoints_measurements.csv","201211_HighTimeResolution_Nup60GFP_01_28_R3D_D3D_nucleus_2_substack_frame_2",698.96,301.18,2.32,0.43,2.98,7.37,3.98,0,"-10 min","201211_HighTimeResolution_Nup60GFP_01_28_R3D_D3D_nucleus_2",159.216400911162,101.06711409396,0.634778286128653,1.57535319315779,"Nup60-GFP_WT"
"99","201211_14646_4timepoints_measurements.csv","201211_HighTimeResolution_Nup60GFP_01_28_R3D_D3D_nucleus_2_substack_frame_3",382.89,241.02,1.59,0.63,1.94,5.85,2.79,0,"Anaphase I","201211_HighTimeResolution_Nup60GFP_01_28_R3D_D3D_nucleus_2",97.925831202046,124.237113402062,1.26868581943133,0.788217212397184,"Nup60-GFP_WT"
"100","201211_14646_4timepoints_measurements.csv","201211_HighTimeResolution_Nup60GFP_01_28_R3D_D3D_nucleus_2_substack_frame_4",353.89,173.33,2.04,0.49,1.77,5.32,2.52,0,"+10 min","201211_HighTimeResolution_Nup60GFP_01_28_R3D_D3D_nucleus_2",99.687323943662,97.9265536723164,0.982337069532124,1.01798051912699,"Nup60-GFP_WT"
"101","201211_14646_4timepoints_measurements.csv","201211_HighTimeResolution_Nup60GFP_01_28_R3D_D3D_nucleus_4_substack_frame_1",1229.45,482.41,2.55,0.39,4.22,10.49,6.12,0,"-45 min","201211_HighTimeResolution_Nup60GFP_01_28_R3D_D3D_nucleus_4",196.084529505582,114.315165876777,0.582989214728044,1.71529759854389,"Nup60-GFP_WT"
"102","201211_14646_4timepoints_measurements.csv","201211_HighTimeResolution_Nup60GFP_01_28_R3D_D3D_nucleus_4_substack_frame_2",914.5,306.11,2.99,0.33,2.88,7.17,3.87,0,"-10 min","201211_HighTimeResolution_Nup60GFP_01_28_R3D_D3D_nucleus_4",213.170163170163,106.288194444444,0.498607276289411,2.00558645562076,"Nup60-GFP_WT"
"103","201211_14646_4timepoints_measurements.csv","201211_HighTimeResolution_Nup60GFP_01_28_R3D_D3D_nucleus_4_substack_frame_3",562.9,354.22,1.59,0.63,2.41,6.42,3.32,0,"Anaphase I","201211_HighTimeResolution_Nup60GFP_01_28_R3D_D3D_nucleus_4",140.374064837905,146.979253112033,1.04705419253731,0.955060403871469,"Nup60-GFP_WT"
"104","201211_14646_4timepoints_measurements.csv","201211_HighTimeResolution_Nup60GFP_01_28_R3D_D3D_nucleus_4_substack_frame_4",542.31,163.59,3.31,0.3,1.81,5.63,2.66,0,"+10 min","201211_HighTimeResolution_Nup60GFP_01_28_R3D_D3D_nucleus_4",141.965968586387,90.3812154696133,0.636640008655423,1.57074639734312,"Nup60-GFP_WT"
"105","201211_14646_4timepoints_measurements.csv","201211_HighTimeResolution_Nup60GFP_01_29_R3D_D3D_nucleus_3_substack_frame_1",964.98,434.73,2.22,0.45,3.87,8.81,4.98,0,"-45 min","201211_HighTimeResolution_Nup60GFP_01_29_R3D_D3D_nucleus_3",195.34008097166,112.333333333333,0.575065459042329,1.7389324715578,"Nup60-GFP_WT"
"106","201211_14646_4timepoints_measurements.csv","201211_HighTimeResolution_Nup60GFP_01_29_R3D_D3D_nucleus_3_substack_frame_2",815.72,238.69,3.42,0.29,2.34,6.63,3.31,0,"-10 min","201211_HighTimeResolution_Nup60GFP_01_29_R3D_D3D_nucleus_3",190.144522144522,102.004273504274,0.536456545546675,1.86408388209888,"Nup60-GFP_WT"
"107","201211_14646_4timepoints_measurements.csv","201211_HighTimeResolution_Nup60GFP_01_29_R3D_D3D_nucleus_3_substack_frame_3",630.45,456.68,1.38,0.72,3.14,8.72,4.41,0,"Anaphase I","201211_HighTimeResolution_Nup60GFP_01_29_R3D_D3D_nucleus_3",112.983870967742,145.43949044586,1.28725887332524,0.776844518784947,"Nup60-GFP_WT"
"108","201211_14646_4timepoints_measurements.csv","201211_HighTimeResolution_Nup60GFP_01_29_R3D_D3D_nucleus_3_substack_frame_4",549.98,279.24,1.97,0.51,2.47,6.67,3.44,0,"+10 min","201211_HighTimeResolution_Nup60GFP_01_29_R3D_D3D_nucleus_3",130.947619047619,113.052631578947,0.863342399053745,1.15828899530017,"Nup60-GFP_WT"
"109","201211_14646_4timepoints_measurements.csv","201211_HighTimeResolution_Nup60GFP_01_29_R3D_D3D_nucleus_4_substack_frame_1",867.14,260.42,3.33,0.3,3.08,7.65,4.08,0,"-45 min","201211_HighTimeResolution_Nup60GFP_01_29_R3D_D3D_nucleus_4",189.746170678337,84.5519480519481,0.445605556885166,2.24413718489086,"Nup60-GFP_WT"
"110","201211_14646_4timepoints_measurements.csv","201211_HighTimeResolution_Nup60GFP_01_29_R3D_D3D_nucleus_4_substack_frame_2",691.83,227.14,3.05,0.33,2.33,6.53,3.3,0,"-10 min","201211_HighTimeResolution_Nup60GFP_01_29_R3D_D3D_nucleus_4",164.721428571429,97.4849785407725,0.591817223698372,1.68971087686638,"Nup60-GFP_WT"
"111","201211_14646_4timepoints_measurements.csv","201211_HighTimeResolution_Nup60GFP_01_29_R3D_D3D_nucleus_4_substack_frame_3",807.37,537.41,1.5,0.67,4.78,12.81,6.68,0,"Anaphase I","201211_HighTimeResolution_Nup60GFP_01_29_R3D_D3D_nucleus_4",100.544209215442,112.428870292887,1.11820333731979,0.894291732661866,"Nup60-GFP_WT"
"112","201211_14646_4timepoints_measurements.csv","201211_HighTimeResolution_Nup60GFP_01_29_R3D_D3D_nucleus_4_substack_frame_4",432.95,197.32,2.19,0.46,1.91,5.46,2.72,0,"+10 min","201211_HighTimeResolution_Nup60GFP_01_29_R3D_D3D_nucleus_4",121.957746478873,103.30890052356,0.84708764720785,1.18051538503268,"Nup60-GFP_WT"
"113","201211_14646_4timepoints_measurements.csv","201211_HighTimeResolution_Nup60GFP_01_29_R3D_D3D_nucleus_5_substack_frame_1",909.57,371.29,2.45,0.41,3.81,8.53,4.88,0,"-45 min","201211_HighTimeResolution_Nup60GFP_01_29_R3D_D3D_nucleus_5",192.705508474576,97.4514435695538,0.505701390380393,1.9774515534707,"Nup60-GFP_WT"
"114","201211_14646_4timepoints_measurements.csv","201211_HighTimeResolution_Nup60GFP_01_29_R3D_D3D_nucleus_5_substack_frame_2",830,343.12,2.42,0.41,3.52,8.09,4.59,0,"-10 min","201211_HighTimeResolution_Nup60GFP_01_29_R3D_D3D_nucleus_5",181.619256017505,97.4772727272727,0.536712212486309,1.86319591158084,"Nup60-GFP_WT"
"115","201211_14646_4timepoints_measurements.csv","201211_HighTimeResolution_Nup60GFP_01_29_R3D_D3D_nucleus_5_substack_frame_3",788.61,632.12,1.25,0.8,5.25,13.08,7.1,0,"Anaphase I","201211_HighTimeResolution_Nup60GFP_01_29_R3D_D3D_nucleus_5",100.716475095785,120.40380952381,1.19547283013331,0.836489106898807,"Nup60-GFP_WT"
"116","201211_14646_4timepoints_measurements.csv","201211_HighTimeResolution_Nup60GFP_01_29_R3D_D3D_nucleus_5_substack_frame_4",453.48,169.39,2.68,0.37,1.73,5.55,2.6,0,"+10 min","201211_HighTimeResolution_Nup60GFP_01_29_R3D_D3D_nucleus_5",118.712041884817,97.9132947976879,0.824796652834011,1.21242005112895,"Nup60-GFP_WT"
"117","201211_14646_4timepoints_measurements.csv","201211_HighTimeResolution_Nup60GFP_01_29_R3D_D3D_nucleus_6_substack_frame_1",814.06,363.21,2.24,0.45,4.31,9.44,5.53,0,"-45 min","201211_HighTimeResolution_Nup60GFP_01_29_R3D_D3D_nucleus_6",158.686159844055,84.2714617169374,0.531057414205204,1.88303556875602,"Nup60-GFP_WT"
"118","201211_14646_4timepoints_measurements.csv","201211_HighTimeResolution_Nup60GFP_01_29_R3D_D3D_nucleus_6_substack_frame_2",754.81,247.2,3.05,0.33,3.11,7.65,4.16,0,"-10 min","201211_HighTimeResolution_Nup60GFP_01_29_R3D_D3D_nucleus_6",166.257709251101,79.4855305466238,0.478086284868605,2.09167263661377,"Nup60-GFP_WT"
"119","201211_14646_4timepoints_measurements.csv","201211_HighTimeResolution_Nup60GFP_01_29_R3D_D3D_nucleus_6_substack_frame_3",435.83,274.13,1.59,0.63,2.6,6.89,3.56,0,"Anaphase I","201211_HighTimeResolution_Nup60GFP_01_29_R3D_D3D_nucleus_6",101.592074592075,105.434615384615,1.0378232338297,0.963555225401795,"Nup60-GFP_WT"
"120","201211_14646_4timepoints_measurements.csv","201211_HighTimeResolution_Nup60GFP_01_29_R3D_D3D_nucleus_6_substack_frame_4",518.77,249.18,2.08,0.48,2.44,6.54,3.32,0,"+10 min","201211_HighTimeResolution_Nup60GFP_01_29_R3D_D3D_nucleus_6",126.529268292683,102.122950819672,0.807109313107265,1.2389895442417,"Nup60-GFP_WT"
"121","201211_14646_4timepoints_measurements.csv","201211_HighTimeResolution_Nup60GFP_01_29_R3D_D3D_nucleus_7_substack_frame_1",823.52,352.8,2.33,0.43,3.38,7.95,4.43,0,"-45 min","201211_HighTimeResolution_Nup60GFP_01_29_R3D_D3D_nucleus_7",180.201312910284,104.378698224852,0.579233838750211,1.7264184740271,"Nup60-GFP_WT"
"122","201211_14646_4timepoints_measurements.csv","201211_HighTimeResolution_Nup60GFP_01_29_R3D_D3D_nucleus_7_substack_frame_2",757.89,262.63,2.89,0.35,2.4,6.69,3.36,0,"-10 min","201211_HighTimeResolution_Nup60GFP_01_29_R3D_D3D_nucleus_7",176.664335664336,109.429166666667,0.619418550185383,1.61441726228689,"Nup60-GFP_WT"
"123","201211_14646_4timepoints_measurements.csv","201211_HighTimeResolution_Nup60GFP_01_29_R3D_D3D_nucleus_7_substack_frame_3",750.63,655.73,1.14,0.87,4.34,11.02,5.9,0,"Anaphase I","201211_HighTimeResolution_Nup60GFP_01_29_R3D_D3D_nucleus_7",112.369760479042,151.089861751152,1.34457759015453,0.743727998534522,"Nup60-GFP_WT"
"124","201211_14646_4timepoints_measurements.csv","201211_HighTimeResolution_Nup60GFP_01_29_R3D_D3D_nucleus_7_substack_frame_4",492.18,261.96,1.88,0.53,1.97,5.89,2.86,0,"+10 min","201211_HighTimeResolution_Nup60GFP_01_29_R3D_D3D_nucleus_7",125.55612244898,132.97461928934,1.05908510629081,0.944211181953313,"Nup60-GFP_WT"
"125","201211_14646_4timepoints_measurements.csv","201211_HighTimeResolution_Nup60GFP_01_29_R3D_D3D_nucleus_8_substack_frame_1",698.9,294.27,2.37,0.42,3.18,7.66,4.19,0,"-45 min","201211_HighTimeResolution_Nup60GFP_01_29_R3D_D3D_nucleus_8",156.004464285714,92.5377358490566,0.593173639438795,1.6858469991116,"Nup60-GFP_WT"
"126","201211_14646_4timepoints_measurements.csv","201211_HighTimeResolution_Nup60GFP_01_29_R3D_D3D_nucleus_8_substack_frame_2",605.78,237.91,2.55,0.39,2.39,6.49,3.28,0,"-10 min","201211_HighTimeResolution_Nup60GFP_01_29_R3D_D3D_nucleus_8",147.751219512195,99.5439330543933,0.673726642548471,1.48428151248012,"Nup60-GFP_WT"
"127","201211_14646_4timepoints_measurements.csv","201211_HighTimeResolution_Nup60GFP_01_29_R3D_D3D_nucleus_8_substack_frame_3",680.34,500.75,1.36,0.74,3.74,10.74,5.36,0,"Anaphase I","201211_HighTimeResolution_Nup60GFP_01_29_R3D_D3D_nucleus_8",97.1914285714286,133.890374331551,1.37759446794376,0.725903031167535,"Nup60-GFP_WT"
"128","201211_14646_4timepoints_measurements.csv","201211_HighTimeResolution_Nup60GFP_01_29_R3D_D3D_nucleus_8_substack_frame_4",387.29,153.4,2.52,0.4,1.47,4.64,2.12,0,"+10 min","201211_HighTimeResolution_Nup60GFP_01_29_R3D_D3D_nucleus_8",122.173501577287,104.353741496599,0.854143821281773,1.17076302032993,"Nup60-GFP_WT"
"129","201211_14646_4timepoints_measurements.csv","201211_HighTimeResolution_Nup60GFP_01_30_R3D_D3D_nucleus_3_substack_frame_1",725.26,393.75,1.84,0.54,4.26,9.29,5.42,0,"-45 min","201211_HighTimeResolution_Nup60GFP_01_30_R3D_D3D_nucleus_3",144.186878727634,92.4295774647887,0.641040143738642,1.55996470699612,"Nup60-GFP_WT"
"130","201211_14646_4timepoints_measurements.csv","201211_HighTimeResolution_Nup60GFP_01_30_R3D_D3D_nucleus_3_substack_frame_2",701.95,328.33,2.14,0.47,2.9,7.47,3.93,0,"-10 min","201211_HighTimeResolution_Nup60GFP_01_30_R3D_D3D_nucleus_3",153.599562363239,113.21724137931,0.737093515355009,1.35667995874088,"Nup60-GFP_WT"
"131","201211_14646_4timepoints_measurements.csv","201211_HighTimeResolution_Nup60GFP_01_30_R3D_D3D_nucleus_3_substack_frame_3",492.18,347.12,1.42,0.71,2.33,6.34,3.26,0,"Anaphase I","201211_HighTimeResolution_Nup60GFP_01_30_R3D_D3D_nucleus_3",122.738154613466,148.978540772532,1.21379159758189,0.823864658473659,"Nup60-GFP_WT"
"132","201211_14646_4timepoints_measurements.csv","201211_HighTimeResolution_Nup60GFP_01_30_R3D_D3D_nucleus_3_substack_frame_4",474.44,201.73,2.35,0.43,2.23,5.96,3.05,0,"+10 min","201211_HighTimeResolution_Nup60GFP_01_30_R3D_D3D_nucleus_3",127.195710455764,90.4618834080717,0.71120231243594,1.40606966894539,"Nup60-GFP_WT"
"133","201211_14646_4timepoints_measurements.csv","201211_HighTimeResolution_Nup60GFP_01_30_R3D_D3D_nucleus_5_substack_frame_1",750.71,438.7,1.71,0.58,4.65,10.03,5.91,0,"-45 min","201211_HighTimeResolution_Nup60GFP_01_30_R3D_D3D_nucleus_5",139.53717472119,94.3440860215054,0.676121515359724,1.47902407671195,"Nup60-GFP_WT"
"134","201211_14646_4timepoints_measurements.csv","201211_HighTimeResolution_Nup60GFP_01_30_R3D_D3D_nucleus_5_substack_frame_2",639.47,273.03,2.34,0.43,3.45,8.3,4.56,0,"-10 min","201211_HighTimeResolution_Nup60GFP_01_30_R3D_D3D_nucleus_5",131.849484536082,79.1391304347826,0.600223282732099,1.66604666758043,"Nup60-GFP_WT"
"135","201211_14646_4timepoints_measurements.csv","201211_HighTimeResolution_Nup60GFP_01_30_R3D_D3D_nucleus_5_substack_frame_3",840.56,625.53,1.34,0.74,4.71,10.87,6.16,0,"Anaphase I","201211_HighTimeResolution_Nup60GFP_01_30_R3D_D3D_nucleus_5",136.454545454545,132.808917197452,0.973283203978664,1.02745017679553,"Nup60-GFP_WT"
"136","201211_14646_4timepoints_measurements.csv","201211_HighTimeResolution_Nup60GFP_01_30_R3D_D3D_nucleus_5_substack_frame_4",524.74,238.27,2.2,0.45,2.3,6.59,3.28,0,"+10 min","201211_HighTimeResolution_Nup60GFP_01_30_R3D_D3D_nucleus_5",122.317016317016,103.595652173913,0.846943910938916,1.18071573227489,"Nup60-GFP_WT"
"137","201211_14646_4timepoints_measurements.csv","201211_HighTimeResolution_Nup60GFP_01_30_R3D_D3D_nucleus_7_substack_frame_1",695.89,252.79,2.75,0.36,2.38,6.75,3.36,0,"-45 min","201211_HighTimeResolution_Nup60GFP_01_30_R3D_D3D_nucleus_7",159.242562929062,106.214285714286,0.666996836527941,1.49925748554598,"Nup60-GFP_WT"
"138","201211_14646_4timepoints_measurements.csv","201211_HighTimeResolution_Nup60GFP_01_30_R3D_D3D_nucleus_7_substack_frame_2",701.24,284.85,2.46,0.41,3.31,7.97,4.35,0,"-10 min","201211_HighTimeResolution_Nup60GFP_01_30_R3D_D3D_nucleus_7",150.480686695279,86.0574018126888,0.571883367245351,1.74860829545857,"Nup60-GFP_WT"
"139","201211_14646_4timepoints_measurements.csv","201211_HighTimeResolution_Nup60GFP_01_30_R3D_D3D_nucleus_7_substack_frame_3",479.16,276.16,1.74,0.58,2.37,6.56,3.33,0,"Anaphase I","201211_HighTimeResolution_Nup60GFP_01_30_R3D_D3D_nucleus_7",114.35799522673,116.523206751055,1.01893362611011,0.981418194841218,"Nup60-GFP_WT"
"140","201211_14646_4timepoints_measurements.csv","201211_HighTimeResolution_Nup60GFP_01_30_R3D_D3D_nucleus_7_substack_frame_4",432.52,177.2,2.44,0.41,1.77,5.41,2.56,0,"+10 min","201211_HighTimeResolution_Nup60GFP_01_30_R3D_D3D_nucleus_7",118.824175824176,100.112994350282,0.842530517513706,1.18690062758912,"Nup60-GFP_WT"
"141","201211_25731_measurements.csv","201211_HighTimeResolution_Nup60GFP_01_31_R3D_D3D_nucleus_4_substack_frame_1",472.91,365.51,1.29,0.77,3.64,8.11,4.64,0,"-45 min","201211_HighTimeResolution_Nup60GFP_01_31_R3D_D3D_nucleus_4",105.796420581656,100.414835164835,0.949132632396889,1.05359352936233,"Nup60-GFP_delta2-47"
"142","201211_25731_measurements.csv","201211_HighTimeResolution_Nup60GFP_01_31_R3D_D3D_nucleus_4_substack_frame_2",465.05,354.18,1.31,0.76,3.5,8.44,4.61,0,"-10 min","201211_HighTimeResolution_Nup60GFP_01_31_R3D_D3D_nucleus_4",94.1396761133603,101.194285714286,1.07493768719185,0.930286482570335,"Nup60-GFP_delta2-47"
"143","201211_25731_measurements.csv","201211_HighTimeResolution_Nup60GFP_01_31_R3D_D3D_nucleus_4_substack_frame_3",293.45,277.11,1.06,0.94,2.17,5.99,3.05,0,"Anaphase I","201211_HighTimeResolution_Nup60GFP_01_31_R3D_D3D_nucleus_4",76.8193717277487,127.700460829493,1.66234711320042,0.60155907996541,"Nup60-GFP_delta2-47"
"144","201211_25731_measurements.csv","201211_HighTimeResolution_Nup60GFP_01_31_R3D_D3D_nucleus_4_substack_frame_4",281.4,245.67,1.15,0.87,1.98,5.53,2.73,0,"+10 min","201211_HighTimeResolution_Nup60GFP_01_31_R3D_D3D_nucleus_4",79.2676056338028,124.075757575758,1.56527697012772,0.638864570989252,"Nup60-GFP_delta2-47"
"145","201211_25731_measurements.csv","201211_HighTimeResolution_Nup60GFP_01_31_R3D_D3D_nucleus_5_substack_frame_1",433.65,230.19,1.88,0.53,2.47,6.67,3.44,0,"-45 min","201211_HighTimeResolution_Nup60GFP_01_31_R3D_D3D_nucleus_5",103.25,93.1943319838057,0.902608542216035,1.10789999565576,"Nup60-GFP_delta2-47"
"146","201211_25731_measurements.csv","201211_HighTimeResolution_Nup60GFP_01_31_R3D_D3D_nucleus_5_substack_frame_2",433.91,346.69,1.25,0.8,3.28,7.85,4.36,0,"-10 min","201211_HighTimeResolution_Nup60GFP_01_31_R3D_D3D_nucleus_5",94.9474835886214,105.698170731707,1.11322772059621,0.898288806053472,"Nup60-GFP_delta2-47"
"147","201211_25731_measurements.csv","201211_HighTimeResolution_Nup60GFP_01_31_R3D_D3D_nucleus_5_substack_frame_3",268.15,231.68,1.16,0.86,2.01,5.92,2.9,0,"Anaphase I","201211_HighTimeResolution_Nup60GFP_01_31_R3D_D3D_nucleus_5",68.5805626598465,115.26368159204,1.68070481083303,0.594988479567902,"Nup60-GFP_delta2-47"
"148","201211_25731_measurements.csv","201211_HighTimeResolution_Nup60GFP_01_31_R3D_D3D_nucleus_5_substack_frame_4",303.35,247.31,1.23,0.82,1.9,5.72,2.73,0,"+10 min","201211_HighTimeResolution_Nup60GFP_01_31_R3D_D3D_nucleus_5",79.4109947643979,130.163157894737,1.639107509998,0.61008810825424,"Nup60-GFP_delta2-47"
"149","201211_25731_measurements.csv","201211_HighTimeResolution_Nup60GFP_01_31_R3D_D3D_nucleus_7_substack_frame_1",587.14,277.91,2.11,0.47,3.36,8.08,4.44,0,"-45 min","201211_HighTimeResolution_Nup60GFP_01_31_R3D_D3D_nucleus_7",124.39406779661,82.7113095238095,0.66491361677348,1.50395476160127,"Nup60-GFP_delta2-47"
"150","201211_25731_measurements.csv","201211_HighTimeResolution_Nup60GFP_01_31_R3D_D3D_nucleus_7_substack_frame_2",564.54,379.18,1.49,0.67,3.05,7.53,4.05,0,"-10 min","201211_HighTimeResolution_Nup60GFP_01_31_R3D_D3D_nucleus_7",126.013392857143,124.32131147541,0.98657220995826,1.01361054964472,"Nup60-GFP_delta2-47"
"151","201211_25731_measurements.csv","201211_HighTimeResolution_Nup60GFP_01_31_R3D_D3D_nucleus_7_substack_frame_3",514.39,562.4,0.91,1.09,4.44,10.88,5.95,0,"Anaphase I","201211_HighTimeResolution_Nup60GFP_01_31_R3D_D3D_nucleus_7",79.8742236024845,126.666666666667,1.58582657775877,0.630585975809088,"Nup60-GFP_delta2-47"
"152","201211_25731_measurements.csv","201211_HighTimeResolution_Nup60GFP_01_31_R3D_D3D_nucleus_7_substack_frame_4",316.62,236.33,1.34,0.75,1.96,5.69,2.76,0,"+10 min","201211_HighTimeResolution_Nup60GFP_01_31_R3D_D3D_nucleus_7",84.8847184986595,120.576530612245,1.42047394095027,0.703990387413247,"Nup60-GFP_delta2-47"
"153","201211_25731_measurements.csv","201211_HighTimeResolution_Nup60GFP_01_31_R3D_D3D_nucleus_8_substack_frame_1",478.07,303.97,1.57,0.64,3.47,8.32,4.57,0,"-45 min","201211_HighTimeResolution_Nup60GFP_01_31_R3D_D3D_nucleus_8",98.5711340206186,87.5994236311239,0.888692460541241,1.12524865957676,"Nup60-GFP_delta2-47"
"154","201211_25731_measurements.csv","201211_HighTimeResolution_Nup60GFP_01_31_R3D_D3D_nucleus_8_substack_frame_2",477.35,238.87,2,0.5,2.22,6.04,3.05,0,"-10 min","201211_HighTimeResolution_Nup60GFP_01_31_R3D_D3D_nucleus_8",124.960732984293,107.599099099099,0.861063283876733,1.16135482574258,"Nup60-GFP_delta2-47"
"155","201211_25731_measurements.csv","201211_HighTimeResolution_Nup60GFP_01_31_R3D_D3D_nucleus_8_substack_frame_3",357.24,256.93,1.39,0.72,2.01,5.74,2.8,0,"Anaphase I","201211_HighTimeResolution_Nup60GFP_01_31_R3D_D3D_nucleus_8",95.7747989276139,127.825870646766,1.33465036813469,0.749259898978336,"Nup60-GFP_delta2-47"
"156","201211_25731_measurements.csv","201211_HighTimeResolution_Nup60GFP_01_31_R3D_D3D_nucleus_8_substack_frame_4",273.73,166.16,1.65,0.61,1.69,5.14,2.45,0,"+10 min","201211_HighTimeResolution_Nup60GFP_01_31_R3D_D3D_nucleus_8",79.3420289855073,98.3195266272189,1.23918593820153,0.806981397361021,"Nup60-GFP_delta2-47"
"157","201211_25731_measurements.csv","201211_HighTimeResolution_Nup60GFP_01_32_R3D_D3D_nucleus_1_substack_frame_1",532.39,392.2,1.36,0.74,4.07,9.01,5.21,0,"-45 min","201211_HighTimeResolution_Nup60GFP_01_32_R3D_D3D_nucleus_1",107.771255060729,96.3636363636364,0.894149709116181,1.11838094874341,"Nup60-GFP_delta2-47"
"158","201211_25731_measurements.csv","201211_HighTimeResolution_Nup60GFP_01_32_R3D_D3D_nucleus_1_substack_frame_2",471.46,364.03,1.3,0.77,3.25,8.2,4.4,0,"-10 min","201211_HighTimeResolution_Nup60GFP_01_32_R3D_D3D_nucleus_1",95.2444444444445,112.009230769231,1.17601852184213,0.850326743522359,"Nup60-GFP_delta2-47"
"159","201211_25731_measurements.csv","201211_HighTimeResolution_Nup60GFP_01_32_R3D_D3D_nucleus_1_substack_frame_3",257,235.94,1.09,0.92,1.97,5.61,2.74,0,"Anaphase I","201211_HighTimeResolution_Nup60GFP_01_32_R3D_D3D_nucleus_1",70.6043956043956,119.766497461929,1.69630369946078,0.589517077819188,"Nup60-GFP_delta2-47"
"160","201211_25731_measurements.csv","201211_HighTimeResolution_Nup60GFP_01_32_R3D_D3D_nucleus_1_substack_frame_4",258.04,236.51,1.09,0.92,1.94,5.48,2.72,0,"+10 min","201211_HighTimeResolution_Nup60GFP_01_32_R3D_D3D_nucleus_1",72.8926553672316,121.912371134021,1.67249183775551,0.597910242325607,"Nup60-GFP_delta2-47"
"161","201211_25731_measurements.csv","201211_HighTimeResolution_Nup60GFP_01_32_R3D_D3D_nucleus_2_substack_frame_1",521.61,264.73,1.97,0.51,3.22,7.79,4.28,0,"-45 min","201211_HighTimeResolution_Nup60GFP_01_32_R3D_D3D_nucleus_2",114.137855579869,82.2142857142857,0.720306906911842,1.38829711391673,"Nup60-GFP_delta2-47"
"162","201211_25731_measurements.csv","201211_HighTimeResolution_Nup60GFP_01_32_R3D_D3D_nucleus_2_substack_frame_2",411.07,347.19,1.18,0.84,3.63,8.48,4.78,0,"-10 min","201211_HighTimeResolution_Nup60GFP_01_32_R3D_D3D_nucleus_2",84.7567010309278,95.6446280991736,1.12846095867125,0.886162691155471,"Nup60-GFP_delta2-47"
"163","201211_25731_measurements.csv","201211_HighTimeResolution_Nup60GFP_01_32_R3D_D3D_nucleus_2_substack_frame_3",317.35,214.29,1.48,0.68,1.94,6.13,2.89,0,"Anaphase I","201211_HighTimeResolution_Nup60GFP_01_32_R3D_D3D_nucleus_2",75.7398568019093,110.458762886598,1.45839677483802,0.685684456557488,"Nup60-GFP_delta2-47"
"164","201211_25731_measurements.csv","201211_HighTimeResolution_Nup60GFP_01_32_R3D_D3D_nucleus_2_substack_frame_4",266.83,172.73,1.54,0.65,1.7,5.34,2.47,0,"+10 min","201211_HighTimeResolution_Nup60GFP_01_32_R3D_D3D_nucleus_2",73.3049450549451,101.605882352941,1.38607132543082,0.721463594010343,"Nup60-GFP_delta2-47"
"165","201211_25731_measurements.csv","201211_HighTimeResolution_Nup60GFP_01_32_R3D_D3D_nucleus_3_substack_frame_1",476.43,232.86,2.05,0.49,2.9,7.47,3.94,0,"-45 min","201211_HighTimeResolution_Nup60GFP_01_32_R3D_D3D_nucleus_3",104.251641137856,80.2965517241379,0.770218586947317,1.29833272910668,"Nup60-GFP_delta2-47"
"166","201211_25731_measurements.csv","201211_HighTimeResolution_Nup60GFP_01_32_R3D_D3D_nucleus_3_substack_frame_2",383.57,284.2,1.35,0.74,2.79,6.98,3.72,0,"-10 min","201211_HighTimeResolution_Nup60GFP_01_32_R3D_D3D_nucleus_3",91.5441527446301,101.863799283154,1.11272862579559,0.898691717654884,"Nup60-GFP_delta2-47"
"167","201211_25731_measurements.csv","201211_HighTimeResolution_Nup60GFP_01_32_R3D_D3D_nucleus_3_substack_frame_3",387.75,416.25,0.93,1.07,4.4,10.52,5.83,0,"Anaphase I","201211_HighTimeResolution_Nup60GFP_01_32_R3D_D3D_nucleus_3",63.3578431372549,94.6022727272727,1.49314225426411,0.669728552081493,"Nup60-GFP_delta2-47"
"168","201211_25731_measurements.csv","201211_HighTimeResolution_Nup60GFP_01_32_R3D_D3D_nucleus_3_substack_frame_4",236.58,217.72,1.09,0.92,2.18,6,3.04,0,"+10 min","201211_HighTimeResolution_Nup60GFP_01_32_R3D_D3D_nucleus_3",61.9319371727749,99.8715596330275,1.61260190125186,0.620115850802174,"Nup60-GFP_delta2-47"
"169","201211_25731_measurements.csv","201211_HighTimeResolution_Nup60GFP_01_32_R3D_D3D_nucleus_4_substack_frame_1",431.16,238.06,1.81,0.55,2.96,7.34,3.94,0,"-45 min","201211_HighTimeResolution_Nup60GFP_01_32_R3D_D3D_nucleus_4",98.4383561643836,80.4256756756757,0.8170156309942,1.22396679092067,"Nup60-GFP_delta2-47"
"170","201211_25731_measurements.csv","201211_HighTimeResolution_Nup60GFP_01_32_R3D_D3D_nucleus_4_substack_frame_2",416.47,301.56,1.38,0.72,3.12,7.78,4.19,0,"-10 min","201211_HighTimeResolution_Nup60GFP_01_32_R3D_D3D_nucleus_4",89.3712446351931,96.6538461538461,1.08148707728509,0.924652749906495,"Nup60-GFP_delta2-47"
"171","201211_25731_measurements.csv","201211_HighTimeResolution_Nup60GFP_01_32_R3D_D3D_nucleus_4_substack_frame_3",293.37,224.68,1.31,0.77,1.68,5.74,2.65,0,"Anaphase I","201211_HighTimeResolution_Nup60GFP_01_32_R3D_D3D_nucleus_4",72.2586206896552,133.738095238095,1.85082546499869,0.540299460381968,"Nup60-GFP_delta2-47"
"172","201211_25731_measurements.csv","201211_HighTimeResolution_Nup60GFP_01_32_R3D_D3D_nucleus_4_substack_frame_4",224.58,129.99,1.73,0.58,1.18,4.26,1.83,0,"+10 min","201211_HighTimeResolution_Nup60GFP_01_32_R3D_D3D_nucleus_4",72.9155844155844,110.161016949153,1.51080208479557,0.661900066238861,"Nup60-GFP_delta2-47"
"173","201211_25731_measurements.csv","201211_HighTimeResolution_Nup60GFP_01_33_R3D_D3D_nucleus_1_substack_frame_1",695.51,439.39,1.58,0.63,4.57,10.96,6.1,0,"-45 min","201211_HighTimeResolution_Nup60GFP_01_33_R3D_D3D_nucleus_1",108.843505477308,96.1466083150985,0.883347223093096,1.13205767093311,"Nup60-GFP_delta2-47"
"174","201211_25731_measurements.csv","201211_HighTimeResolution_Nup60GFP_01_33_R3D_D3D_nucleus_1_substack_frame_2",592.77,457.39,1.3,0.77,3.74,8.66,4.86,0,"-10 min","201211_HighTimeResolution_Nup60GFP_01_33_R3D_D3D_nucleus_1",120.481707317073,122.29679144385,1.01506522581059,0.985158366745783,"Nup60-GFP_delta2-47"
"175","201211_25731_measurements.csv","201211_HighTimeResolution_Nup60GFP_01_33_R3D_D3D_nucleus_1_substack_frame_3",691.03,729.14,0.95,1.06,5.61,14.19,7.64,0,"Anaphase I","201211_HighTimeResolution_Nup60GFP_01_33_R3D_D3D_nucleus_1",80.539627039627,129.971479500891,1.61375814959936,0.619671541394393,"Nup60-GFP_delta2-47"
"176","201211_25731_measurements.csv","201211_HighTimeResolution_Nup60GFP_01_33_R3D_D3D_nucleus_1_substack_frame_4",315.85,249.03,1.27,0.79,1.87,5.32,2.63,0,"+10 min","201211_HighTimeResolution_Nup60GFP_01_33_R3D_D3D_nucleus_1",91.5507246376812,133.171122994652,1.45461571737075,0.687466791440645,"Nup60-GFP_delta2-47"
"177","201211_25731_measurements.csv","201211_HighTimeResolution_Nup60GFP_01_34_R3D_D3D_nucleus_2_substack_frame_1",574.34,237.91,2.41,0.41,2.74,7.25,3.85,0,"-45 min","201211_HighTimeResolution_Nup60GFP_01_34_R3D_D3D_nucleus_2",127.348115299335,86.8284671532847,0.681819805100313,1.46666317481475,"Nup60-GFP_delta2-47"
"178","201211_25731_measurements.csv","201211_HighTimeResolution_Nup60GFP_01_34_R3D_D3D_nucleus_2_substack_frame_2",391.09,276.88,1.41,0.71,2.18,5.97,3.09,0,"-10 min","201211_HighTimeResolution_Nup60GFP_01_34_R3D_D3D_nucleus_2",103.189973614776,127.009174311927,1.2308286344376,0.812460786189725,"Nup60-GFP_delta2-47"
"179","201211_25731_measurements.csv","201211_HighTimeResolution_Nup60GFP_01_34_R3D_D3D_nucleus_2_substack_frame_3",283.86,183.41,1.55,0.65,1.63,5.08,2.41,0,"Anaphase I","201211_HighTimeResolution_Nup60GFP_01_34_R3D_D3D_nucleus_2",82.2782608695652,112.521472392638,1.36757232352075,0.731222753488857,"Nup60-GFP_delta2-47"
"180","201211_25731_measurements.csv","201211_HighTimeResolution_Nup60GFP_01_34_R3D_D3D_nucleus_2_substack_frame_4",284.14,193.02,1.47,0.68,1.64,5.43,2.47,0,"+10 min","201211_HighTimeResolution_Nup60GFP_01_34_R3D_D3D_nucleus_2",74.9709762532981,117.69512195122,1.56987580838714,0.6369930631821,"Nup60-GFP_delta2-47"
"181","201211_25731_measurements.csv","201211_HighTimeResolution_Nup60GFP_01_34_R3D_D3D_nucleus_5_substack_frame_1",454.98,219.64,2.07,0.48,3.18,7.99,4.28,0,"-45 min","201211_HighTimeResolution_Nup60GFP_01_34_R3D_D3D_nucleus_5",94.5904365904366,69.0691823899371,0.730192024474916,1.36950276979416,"Nup60-GFP_delta2-47"
"182","201211_25731_measurements.csv","201211_HighTimeResolution_Nup60GFP_01_34_R3D_D3D_nucleus_5_substack_frame_2",513.01,298.64,1.72,0.58,2.8,7.09,3.77,0,"-10 min","201211_HighTimeResolution_Nup60GFP_01_34_R3D_D3D_nucleus_5",119.582750582751,106.657142857143,0.891910767542822,1.12118839281979,"Nup60-GFP_delta2-47"
"183","201211_25731_measurements.csv","201211_HighTimeResolution_Nup60GFP_01_34_R3D_D3D_nucleus_5_substack_frame_3",458.44,440.72,1.04,0.96,4.14,9.92,5.44,0,"Anaphase I","201211_HighTimeResolution_Nup60GFP_01_34_R3D_D3D_nucleus_5",79.3148788927336,106.454106280193,1.34217069692766,0.745061714049548,"Nup60-GFP_delta2-47"
"184","201211_25731_measurements.csv","201211_HighTimeResolution_Nup60GFP_01_34_R3D_D3D_nucleus_5_substack_frame_4",262.23,174.23,1.51,0.66,1.7,5.06,2.41,0,"+10 min","201211_HighTimeResolution_Nup60GFP_01_34_R3D_D3D_nucleus_5",78.0446428571429,102.488235294118,1.31320013190037,0.761498552816064,"Nup60-GFP_delta2-47"
"185","201211_25731_measurements.csv","201211_HighTimeResolution_Nup60GFP_01_35_R3D_D3D_nucleus_1_substack_frame_1",587.13,368.48,1.59,0.63,3.64,8.11,4.62,0,"-45 min","201211_HighTimeResolution_Nup60GFP_01_35_R3D_D3D_nucleus_1",131.348993288591,101.230769230769,0.770700762116632,1.29752045041921,"Nup60-GFP_delta2-47"
"186","201211_25731_measurements.csv","201211_HighTimeResolution_Nup60GFP_01_35_R3D_D3D_nucleus_1_substack_frame_2",539.29,359.05,1.5,0.67,2.74,7.12,3.72,0,"-10 min","201211_HighTimeResolution_Nup60GFP_01_35_R3D_D3D_nucleus_1",123.125570776256,131.040145985401,1.06428051589323,0.939601904823675,"Nup60-GFP_delta2-47"
"187","201211_25731_measurements.csv","201211_HighTimeResolution_Nup60GFP_01_35_R3D_D3D_nucleus_1_substack_frame_3",401.74,436.58,0.92,1.09,3.17,8.27,4.4,0,"Anaphase I","201211_HighTimeResolution_Nup60GFP_01_35_R3D_D3D_nucleus_1",78.7725490196079,137.722397476341,1.74835522260501,0.571966146850879,"Nup60-GFP_delta2-47"
"188","201211_25731_measurements.csv","201211_HighTimeResolution_Nup60GFP_01_35_R3D_D3D_nucleus_1_substack_frame_4",336.93,256.43,1.31,0.76,1.94,5.65,2.74,0,"+10 min","201211_HighTimeResolution_Nup60GFP_01_35_R3D_D3D_nucleus_1",90.8167115902965,132.180412371134,1.45546353811447,0.687066335784328,"Nup60-GFP_delta2-47"
"189","201211_25731_measurements.csv","201211_HighTimeResolution_Nup60GFP_01_35_R3D_D3D_nucleus_2_substack_frame_1",573.44,280.23,2.05,0.49,3.88,9.7,5.27,0,"-45 min","201211_HighTimeResolution_Nup60GFP_01_35_R3D_D3D_nucleus_2",98.5292096219931,72.2242268041237,0.733023507254464,1.36421273001939,"Nup60-GFP_delta2-47"
"190","201211_25731_measurements.csv","201211_HighTimeResolution_Nup60GFP_01_35_R3D_D3D_nucleus_2_substack_frame_2",377.98,261.23,1.45,0.69,2.73,6.83,3.64,0,"-10 min","201211_HighTimeResolution_Nup60GFP_01_35_R3D_D3D_nucleus_2",92.190243902439,95.6886446886447,1.03794762480407,0.963439749851313,"Nup60-GFP_delta2-47"
"191","201211_25731_measurements.csv","201211_HighTimeResolution_Nup60GFP_01_35_R3D_D3D_nucleus_2_substack_frame_3",438.97,528.43,0.83,1.2,4.59,11.22,6.11,0,"Anaphase I","201211_HighTimeResolution_Nup60GFP_01_35_R3D_D3D_nucleus_2",66.209653092006,115.126361655773,1.73881535817431,0.575104191079817,"Nup60-GFP_delta2-47"
"192","201211_25731_measurements.csv","201211_HighTimeResolution_Nup60GFP_01_35_R3D_D3D_nucleus_2_substack_frame_4",282.9,172.48,1.64,0.61,1.76,5.21,2.52,0,"+10 min","201211_HighTimeResolution_Nup60GFP_01_35_R3D_D3D_nucleus_2",82,98,1.19512195121951,0.836734693877551,"Nup60-GFP_delta2-47"
"193","201211_25731_measurements.csv","201211_HighTimeResolution_Nup60GFP_01_35_R3D_D3D_nucleus_3_substack_frame_1",669.13,259.53,2.58,0.39,2.86,7.33,3.85,0,"-45 min","201211_HighTimeResolution_Nup60GFP_01_35_R3D_D3D_nucleus_3",149.693512304251,90.7447552447552,0.606203661387258,1.64961062378205,"Nup60-GFP_delta2-47"
"194","201211_25731_measurements.csv","201211_HighTimeResolution_Nup60GFP_01_35_R3D_D3D_nucleus_3_substack_frame_2",513.62,294.59,1.74,0.57,2.82,7.21,3.79,0,"-10 min","201211_HighTimeResolution_Nup60GFP_01_35_R3D_D3D_nucleus_3",116.997722095672,104.464539007092,0.892876691408307,1.11997547883429,"Nup60-GFP_delta2-47"
"195","201211_25731_measurements.csv","201211_HighTimeResolution_Nup60GFP_01_35_R3D_D3D_nucleus_3_substack_frame_3",487.54,556.16,0.88,1.14,4.06,9.19,5.21,0,"Anaphase I","201211_HighTimeResolution_Nup60GFP_01_35_R3D_D3D_nucleus_3",95.037037037037,136.985221674877,1.44138775729605,0.69377583855432,"Nup60-GFP_delta2-47"
"196","201211_25731_measurements.csv","201211_HighTimeResolution_Nup60GFP_01_35_R3D_D3D_nucleus_3_substack_frame_4",331.61,285.74,1.16,0.86,2.67,6.87,3.59,0,"+10 min","201211_HighTimeResolution_Nup60GFP_01_35_R3D_D3D_nucleus_3",78.9547619047619,107.01872659176,1.35544359846022,0.737765851073403,"Nup60-GFP_delta2-47"
"197","201211_25731_measurements.csv","201211_HighTimeResolution_Nup60GFP_01_35_R3D_D3D_nucleus_4_substack_frame_1",519.29,254.01,2.04,0.49,2.84,7.66,3.96,0,"-45 min","201211_HighTimeResolution_Nup60GFP_01_35_R3D_D3D_nucleus_4",107.736514522822,89.4401408450704,0.830174813443816,1.20456557318536,"Nup60-GFP_delta2-47"
"198","201211_25731_measurements.csv","201211_HighTimeResolution_Nup60GFP_01_35_R3D_D3D_nucleus_4_substack_frame_2",484.74,278.03,1.74,0.57,2.66,7.14,3.67,0,"-10 min","201211_HighTimeResolution_Nup60GFP_01_35_R3D_D3D_nucleus_4",108.200892857143,104.522556390977,0.966004564573955,1.03519179584937,"Nup60-GFP_delta2-47"
"199","201211_25731_measurements.csv","201211_HighTimeResolution_Nup60GFP_01_35_R3D_D3D_nucleus_4_substack_frame_3",363.64,378.9,0.96,1.04,3.15,7.9,4.23,0,"Anaphase I","201211_HighTimeResolution_Nup60GFP_01_35_R3D_D3D_nucleus_4",76.5557894736842,120.285714285714,1.57121643069284,0.636449556194524,"Nup60-GFP_delta2-47"
"200","201211_25731_measurements.csv","201211_HighTimeResolution_Nup60GFP_01_35_R3D_D3D_nucleus_4_substack_frame_4",272.48,235.29,1.16,0.86,2.15,6.25,3.03,0,"+10 min","201211_HighTimeResolution_Nup60GFP_01_35_R3D_D3D_nucleus_4",66.4585365853659,109.437209302326,1.64669905365361,0.607275505370125,"Nup60-GFP_delta2-47"
"201","201211_25731_measurements.csv","201211_HighTimeResolution_Nup60GFP_01_35_R3D_D3D_nucleus_5_substack_frame_1",533.54,354.14,1.51,0.66,3.77,8.71,4.9,0,"-45 min","201211_HighTimeResolution_Nup60GFP_01_35_R3D_D3D_nucleus_5",108.004048582996,93.9363395225464,0.869748317354612,1.14975790127603,"Nup60-GFP_delta2-47"
"202","201211_25731_measurements.csv","201211_HighTimeResolution_Nup60GFP_01_35_R3D_D3D_nucleus_5_substack_frame_2",499.01,282.7,1.77,0.57,2.82,7.39,3.84,0,"-10 min","201211_HighTimeResolution_Nup60GFP_01_35_R3D_D3D_nucleus_5",109.192560175055,100.248226950355,0.918086605805737,1.089221859546,"Nup60-GFP_delta2-47"
"203","201211_25731_measurements.csv","201211_HighTimeResolution_Nup60GFP_01_35_R3D_D3D_nucleus_5_substack_frame_3",318.23,290.15,1.1,0.91,2.38,6.58,3.32,0,"Anaphase I","201211_HighTimeResolution_Nup60GFP_01_35_R3D_D3D_nucleus_5",75.7690476190476,121.911764705882,1.60899164681113,0.621507266356482,"Nup60-GFP_delta2-47"
"204","201211_25731_measurements.csv","201211_HighTimeResolution_Nup60GFP_01_35_R3D_D3D_nucleus_5_substack_frame_4",299.71,238.13,1.26,0.79,2.38,6.2,3.24,0,"+10 min","201211_HighTimeResolution_Nup60GFP_01_35_R3D_D3D_nucleus_5",78.4581151832461,100.05462184874,1.27526160442489,0.784152833058101,"Nup60-GFP_delta2-47"
"205","201211_25731_measurements.csv","201211_HighTimeResolution_Nup60GFP_01_36_R3D_D3D_nucleus_1_substack_frame_1",564,344.6,1.64,0.61,3.92,8.92,5.12,0,"-45 min","201211_HighTimeResolution_Nup60GFP_01_36_R3D_D3D_nucleus_1",112.8,87.9081632653061,0.779327688522217,1.28315728380731,"Nup60-GFP_delta2-47"
"206","201211_25731_measurements.csv","201211_HighTimeResolution_Nup60GFP_01_36_R3D_D3D_nucleus_1_substack_frame_2",505.26,339.04,1.49,0.67,2.89,7.27,3.91,0,"-10 min","201211_HighTimeResolution_Nup60GFP_01_36_R3D_D3D_nucleus_1",115.356164383562,117.314878892734,1.01697971252459,0.983303784416273,"Nup60-GFP_delta2-47"
"207","201211_25731_measurements.csv","201211_HighTimeResolution_Nup60GFP_01_36_R3D_D3D_nucleus_1_substack_frame_3",518.07,604.07,0.86,1.17,4.66,11.85,6.37,0,"Anaphase I","201211_HighTimeResolution_Nup60GFP_01_36_R3D_D3D_nucleus_1",72.0542420027816,129.628755364807,1.79904405017268,0.555850758575931,"Nup60-GFP_delta2-47"
"208","201211_25731_measurements.csv","201211_HighTimeResolution_Nup60GFP_01_36_R3D_D3D_nucleus_1_substack_frame_4",367.5,231.71,1.59,0.63,1.81,5.54,2.62,0,"+10 min","201211_HighTimeResolution_Nup60GFP_01_36_R3D_D3D_nucleus_1",98.5254691689008,128.016574585635,1.29932468899162,0.769630569227528,"Nup60-GFP_delta2-47"
"209","201211_25731_measurements.csv","201211_HighTimeResolution_Nup60GFP_01_36_R3D_D3D_nucleus_4_substack_frame_1",488.38,278.63,1.75,0.57,2.94,7.32,3.91,0,"-45 min","201211_HighTimeResolution_Nup60GFP_01_36_R3D_D3D_nucleus_4",111.502283105023,94.7721088435374,0.849956666396441,1.1765305685991,"Nup60-GFP_delta2-47"
"210","201211_25731_measurements.csv","201211_HighTimeResolution_Nup60GFP_01_36_R3D_D3D_nucleus_4_substack_frame_2",466.64,334.93,1.39,0.72,3.23,7.8,4.23,0,"-10 min","201211_HighTimeResolution_Nup60GFP_01_36_R3D_D3D_nucleus_4",102.109409190372,103.693498452012,1.01551364633485,0.984723350207212,"Nup60-GFP_delta2-47"
"211","201211_25731_measurements.csv","201211_HighTimeResolution_Nup60GFP_01_36_R3D_D3D_nucleus_4_substack_frame_3",329.5,299.39,1.1,0.91,2.16,5.89,2.96,0,"Anaphase I","201211_HighTimeResolution_Nup60GFP_01_36_R3D_D3D_nucleus_4",88.3378016085791,138.606481481481,1.56905060979037,0.637328071994826,"Nup60-GFP_delta2-47"
"212","201211_25731_measurements.csv","201211_HighTimeResolution_Nup60GFP_01_36_R3D_D3D_nucleus_4_substack_frame_4",322.92,247.26,1.31,0.77,1.94,5.48,2.72,0,"+10 min","201211_HighTimeResolution_Nup60GFP_01_36_R3D_D3D_nucleus_4",91.2203389830508,127.453608247423,1.39720603615718,0.715714056568465,"Nup60-GFP_delta2-47"
"213","201211_25731_measurements.csv","201211_HighTimeResolution_Nup60GFP_01_37_R3D_D3D_nucleus_4_substack_frame_1",484.47,361.7,1.34,0.75,3.81,8.85,4.97,0,"-45 min","201211_HighTimeResolution_Nup60GFP_01_37_R3D_D3D_nucleus_4",96.125,94.9343832020997,0.987613869462676,1.01254147083218,"Nup60-GFP_delta2-47"
"214","201211_25731_measurements.csv","201211_HighTimeResolution_Nup60GFP_01_37_R3D_D3D_nucleus_4_substack_frame_2",425.15,227.86,1.87,0.54,2.11,5.93,3.02,0,"-10 min","201211_HighTimeResolution_Nup60GFP_01_37_R3D_D3D_nucleus_4",111.295811518325,107.990521327014,0.970301755778418,1.03060722506655,"Nup60-GFP_delta2-47"
"215","201211_25731_measurements.csv","201211_HighTimeResolution_Nup60GFP_01_37_R3D_D3D_nucleus_4_substack_frame_3",291.57,246.86,1.18,0.85,2.29,6.67,3.26,0,"Anaphase I","201211_HighTimeResolution_Nup60GFP_01_37_R3D_D3D_nucleus_4",66.5684931506849,107.799126637555,1.61937159060428,0.617523492323862,"Nup60-GFP_delta2-47"
"216","201211_25731_measurements.csv","201211_HighTimeResolution_Nup60GFP_01_37_R3D_D3D_nucleus_4_substack_frame_4",305.21,315.37,0.97,1.03,2.55,6.66,3.44,0,"+10 min","201211_HighTimeResolution_Nup60GFP_01_37_R3D_D3D_nucleus_4",74.2603406326034,123.674509803922,1.6654180246195,0.600449848156574,"Nup60-GFP_delta2-47"
"217","201211_25731_measurements.csv","201211_HighTimeResolution_Nup60GFP_01_37_R3D_D3D_nucleus_5_substack_frame_1",556.21,406.66,1.37,0.73,3.8,8.8,4.94,0,"-45 min","201211_HighTimeResolution_Nup60GFP_01_37_R3D_D3D_nucleus_5",111.242,107.015789473684,0.962008858827459,1.03949146707323,"Nup60-GFP_delta2-47"
"218","201211_25731_measurements.csv","201211_HighTimeResolution_Nup60GFP_01_37_R3D_D3D_nucleus_5_substack_frame_2",454.88,353.59,1.29,0.78,3.73,8.58,4.82,0,"-10 min","201211_HighTimeResolution_Nup60GFP_01_37_R3D_D3D_nucleus_5",93.7896907216495,94.7962466487936,1.01073205295165,0.989381901048538,"Nup60-GFP_delta2-47"
"219","201211_25731_measurements.csv","201211_HighTimeResolution_Nup60GFP_01_37_R3D_D3D_nucleus_5_substack_frame_3",445.86,537.33,0.83,1.21,4.5,10.66,5.91,0,"Anaphase I","201211_HighTimeResolution_Nup60GFP_01_37_R3D_D3D_nucleus_5",72.3798701298701,119.406666666667,1.64972203531751,0.606162722320391,"Nup60-GFP_delta2-47"
"220","201211_25731_measurements.csv","201211_HighTimeResolution_Nup60GFP_01_37_R3D_D3D_nucleus_5_substack_frame_4",228.09,205.56,1.11,0.9,1.88,5.42,2.67,0,"+10 min","201211_HighTimeResolution_Nup60GFP_01_37_R3D_D3D_nucleus_5",64.4322033898305,109.340425531915,1.69698411321399,0.589280708177084,"Nup60-GFP_delta2-47"
"221","201211_25731_measurements.csv","201211_HighTimeResolution_Nup60GFP_01_38_R3D_D3D_nucleus_2_substack_frame_1",520.01,277.98,1.87,0.53,3.14,7.61,4.22,0,"-45 min","201211_HighTimeResolution_Nup60GFP_01_38_R3D_D3D_nucleus_2",116.333333333333,88.5286624203822,0.760991367510448,1.31407535314291,"Nup60-GFP_delta2-47"
"222","201211_25731_measurements.csv","201211_HighTimeResolution_Nup60GFP_01_38_R3D_D3D_nucleus_2_substack_frame_2",438.85,396.07,1.11,0.9,3.36,7.93,4.36,0,"-10 min","201211_HighTimeResolution_Nup60GFP_01_38_R3D_D3D_nucleus_2",96.0284463894967,117.877976190476,1.22753184730654,0.814642815332413,"Nup60-GFP_delta2-47"
"223","201211_25731_measurements.csv","201211_HighTimeResolution_Nup60GFP_01_38_R3D_D3D_nucleus_2_substack_frame_3",268.87,230.64,1.17,0.86,1.76,5.12,2.47,0,"Anaphase I","201211_HighTimeResolution_Nup60GFP_01_38_R3D_D3D_nucleus_2",80.0208333333333,131.045454545455,1.63764171262219,0.610634177361545,"Nup60-GFP_delta2-47"
"224","201211_25731_measurements.csv","201211_HighTimeResolution_Nup60GFP_01_38_R3D_D3D_nucleus_2_substack_frame_4",287.43,209.44,1.37,0.73,1.69,5.23,2.45,0,"+10 min","201211_HighTimeResolution_Nup60GFP_01_38_R3D_D3D_nucleus_2",81.1949152542373,123.92899408284,1.52631471681194,0.655172874234439,"Nup60-GFP_delta2-47"
"225","201211_25731_measurements.csv","201211_HighTimeResolution_Nup60GFP_01_38_R3D_D3D_nucleus_5_substack_frame_1",491.96,363.85,1.35,0.74,3.66,8.7,4.78,0,"-45 min","201211_HighTimeResolution_Nup60GFP_01_38_R3D_D3D_nucleus_5",97.6111111111111,99.4125683060109,1.0184554521959,0.981878979432917,"Nup60-GFP_delta2-47"
"226","201211_25731_measurements.csv","201211_HighTimeResolution_Nup60GFP_01_38_R3D_D3D_nucleus_5_substack_frame_2",487.46,345.13,1.41,0.71,3.03,7.69,4.06,0,"-10 min","201211_HighTimeResolution_Nup60GFP_01_38_R3D_D3D_nucleus_5",104.605150214592,113.904290429043,1.08889753702733,0.918360053168993,"Nup60-GFP_delta2-47"
"227","201211_25731_measurements.csv","201211_HighTimeResolution_Nup60GFP_01_38_R3D_D3D_nucleus_5_substack_frame_3",479.87,312.81,1.53,0.65,2.93,9.64,4.57,0,"Anaphase I","201211_HighTimeResolution_Nup60GFP_01_38_R3D_D3D_nucleus_5",71.5156482861401,106.761092150171,1.49283541027288,0.669866211049488,"Nup60-GFP_delta2-47"
"228","201211_25731_measurements.csv","201211_HighTimeResolution_Nup60GFP_01_38_R3D_D3D_nucleus_5_substack_frame_4",303.94,210.69,1.44,0.69,1.63,5.18,2.4,0,"+10 min","201211_HighTimeResolution_Nup60GFP_01_38_R3D_D3D_nucleus_5",85.6169014084507,129.257668711656,1.50972140529835,0.662373863476077,"Nup60-GFP_delta2-47"
"229","201211_25731_measurements.csv","201211_HighTimeResolution_Nup60GFP_01_39_R3D_D3D_nucleus_1_substack_frame_1",447,217,2.06,0.49,3.01,7.93,4.12,0,"-45 min","201211_HighTimeResolution_Nup60GFP_01_39_R3D_D3D_nucleus_1",90.8536585365854,72.093023255814,0.793507101607617,1.2602281667978,"Nup60-GFP_delta2-47"
"230","201211_25731_measurements.csv","201211_HighTimeResolution_Nup60GFP_01_39_R3D_D3D_nucleus_1_substack_frame_2",395.47,248.26,1.59,0.63,2.42,6.41,3.31,0,"-10 min","201211_HighTimeResolution_Nup60GFP_01_39_R3D_D3D_nucleus_1",99.1152882205514,102.586776859504,1.03502475451848,0.966160466824033,"Nup60-GFP_delta2-47"
"231","201211_25731_measurements.csv","201211_HighTimeResolution_Nup60GFP_01_39_R3D_D3D_nucleus_1_substack_frame_3",240.55,203.22,1.18,0.84,2.05,5.97,2.89,0,"Anaphase I","201211_HighTimeResolution_Nup60GFP_01_39_R3D_D3D_nucleus_1",61.3647959183673,99.1317073170732,1.61544914854678,0.61902288964006,"Nup60-GFP_delta2-47"
"232","201211_25731_measurements.csv","201211_HighTimeResolution_Nup60GFP_01_39_R3D_D3D_nucleus_1_substack_frame_4",252.12,237.87,1.06,0.94,2.32,6.33,3.18,0,"+10 min","201211_HighTimeResolution_Nup60GFP_01_39_R3D_D3D_nucleus_1",62.8728179551122,102.530172413793,1.63075516174564,0.613212837498887,"Nup60-GFP_delta2-47"
"233","201211_25731_measurements.csv","201211_HighTimeResolution_Nup60GFP_01_39_R3D_D3D_nucleus_3_substack_frame_1",534.49,258.67,2.07,0.48,3.12,7.41,4.12,0,"-45 min","201211_HighTimeResolution_Nup60GFP_01_39_R3D_D3D_nucleus_3",124.589743589744,82.9070512820513,0.665440419839473,1.50276413963738,"Nup60-GFP_delta2-47"
"234","201211_25731_measurements.csv","201211_HighTimeResolution_Nup60GFP_01_39_R3D_D3D_nucleus_3_substack_frame_2",512,301.72,1.7,0.59,2.74,7.12,3.73,0,"-10 min","201211_HighTimeResolution_Nup60GFP_01_39_R3D_D3D_nucleus_3",116.89497716895,110.116788321168,0.942014712591241,1.06155454541602,"Nup60-GFP_delta2-47"
"235","201211_25731_measurements.csv","201211_HighTimeResolution_Nup60GFP_01_39_R3D_D3D_nucleus_3_substack_frame_3",488.59,497.36,0.98,1.02,4.02,10.92,5.62,0,"Anaphase I","201211_HighTimeResolution_Nup60GFP_01_39_R3D_D3D_nucleus_3",70.8101449275362,123.721393034826,1.74722694271332,0.572335496639649,"Nup60-GFP_delta2-47"
"236","201211_25731_measurements.csv","201211_HighTimeResolution_Nup60GFP_01_39_R3D_D3D_nucleus_3_substack_frame_4",304.31,148.55,2.05,0.49,1.29,4.28,1.96,0,"+10 min","201211_HighTimeResolution_Nup60GFP_01_39_R3D_D3D_nucleus_3",101.775919732441,115.15503875969,1.1314566261098,0.883816468898347,"Nup60-GFP_delta2-47"
"237","201211_25731_measurements.csv","201211_HighTimeResolution_Nup60GFP_01_40_R3D_D3D_nucleus_1_substack_frame_1",629.88,252.56,2.49,0.4,3.08,7.83,4.16,0,"-45 min","201211_HighTimeResolution_Nup60GFP_01_40_R3D_D3D_nucleus_1",132.606315789474,82,0.618371753349844,1.61715019255456,"Nup60-GFP_delta2-47"
"238","201211_25731_measurements.csv","201211_HighTimeResolution_Nup60GFP_01_40_R3D_D3D_nucleus_1_substack_frame_2",542.74,340.77,1.59,0.63,2.94,7.6,3.96,0,"-10 min","201211_HighTimeResolution_Nup60GFP_01_40_R3D_D3D_nucleus_1",116.467811158798,115.908163265306,0.995194827756065,1.00482837340983,"Nup60-GFP_delta2-47"
"239","201211_25731_measurements.csv","201211_HighTimeResolution_Nup60GFP_01_40_R3D_D3D_nucleus_1_substack_frame_3",431.39,451.23,0.96,1.05,3.19,7.86,4.29,0,"Anaphase I","201211_HighTimeResolution_Nup60GFP_01_40_R3D_D3D_nucleus_1",92.3747323340471,141.451410658307,1.53127816540554,0.653049212476144,"Nup60-GFP_delta2-47"
"240","201211_25731_measurements.csv","201211_HighTimeResolution_Nup60GFP_01_40_R3D_D3D_nucleus_1_substack_frame_4",362.24,251.63,1.44,0.69,2.15,5.88,2.96,0,"+10 min","201211_HighTimeResolution_Nup60GFP_01_40_R3D_D3D_nucleus_1",97.1152815013405,117.037209302326,1.20513690011505,0.829781247179915,"Nup60-GFP_delta2-47"
"241","201211_25731_measurements.csv","201211_HighTimeResolution_Nup60GFP_01_40_R3D_D3D_nucleus_2_substack_frame_1",545.26,265.21,2.06,0.49,2.76,7.44,3.87,0,"-45 min","201211_HighTimeResolution_Nup60GFP_01_40_R3D_D3D_nucleus_2",116.508547008547,96.0905797101449,0.824751335222606,1.21248666997319,"Nup60-GFP_delta2-47"
"242","201211_25731_measurements.csv","201211_HighTimeResolution_Nup60GFP_01_40_R3D_D3D_nucleus_2_substack_frame_2",455.63,269.4,1.69,0.59,2.3,6.31,3.18,0,"-10 min","201211_HighTimeResolution_Nup60GFP_01_40_R3D_D3D_nucleus_2",113.623441396509,117.130434782609,1.03086505163896,0.970059076510654,"Nup60-GFP_delta2-47"
"243","201211_25731_measurements.csv","201211_HighTimeResolution_Nup60GFP_01_40_R3D_D3D_nucleus_2_substack_frame_3",435.71,544.24,0.8,1.25,4.56,10.25,5.85,0,"Anaphase I","201211_HighTimeResolution_Nup60GFP_01_40_R3D_D3D_nucleus_2",76.5746924428822,119.350877192982,1.5586203925273,0.641593042664161,"Nup60-GFP_delta2-47"
"244","201211_25731_measurements.csv","201211_HighTimeResolution_Nup60GFP_01_40_R3D_D3D_nucleus_2_substack_frame_4",278.97,207,1.35,0.74,1.83,5.47,2.6,0,"+10 min","201211_HighTimeResolution_Nup60GFP_01_40_R3D_D3D_nucleus_2",76.6401098901099,113.114754098361,1.47592108441063,0.677543000477783,"Nup60-GFP_delta2-47"
"245","201211_25731_measurements.csv","201211_HighTimeResolution_Nup60GFP_01_40_R3D_D3D_nucleus_3_substack_frame_1",480.12,254.4,1.89,0.53,3.21,7.68,4.21,0,"-45 min","201211_HighTimeResolution_Nup60GFP_01_40_R3D_D3D_nucleus_3",107.409395973154,79.2523364485981,0.737852919947583,1.35528365201975,"Nup60-GFP_delta2-47"
"246","201211_25731_measurements.csv","201211_HighTimeResolution_Nup60GFP_01_40_R3D_D3D_nucleus_3_substack_frame_2",451.21,313.38,1.44,0.69,3.08,7.65,4.09,0,"-10 min","201211_HighTimeResolution_Nup60GFP_01_40_R3D_D3D_nucleus_3",98.7330415754923,101.746753246753,1.03052384108877,0.97038026693636,"Nup60-GFP_delta2-47"
"247","201211_25731_measurements.csv","201211_HighTimeResolution_Nup60GFP_01_40_R3D_D3D_nucleus_3_substack_frame_3",257.42,212.14,1.21,0.82,1.67,5.12,2.4,0,"Anaphase I","201211_HighTimeResolution_Nup60GFP_01_40_R3D_D3D_nucleus_3",74.6144927536232,127.02994011976,1.70248346442846,0.58737721739677,"Nup60-GFP_delta2-47"
"248","201211_25731_measurements.csv","201211_HighTimeResolution_Nup60GFP_01_40_R3D_D3D_nucleus_3_substack_frame_4",280.81,156.71,1.79,0.56,1.43,4.51,2.09,0,"+10 min","201211_HighTimeResolution_Nup60GFP_01_40_R3D_D3D_nucleus_3",91.1720779220779,109.587412587413,1.20198436939294,0.831957574044869,"Nup60-GFP_delta2-47"
"249","201211_25731_measurements.csv","201211_HighTimeResolution_Nup60GFP_01_40_R3D_D3D_nucleus_4_substack_frame_1",415.65,254.73,1.63,0.61,3.33,8,4.38,0,"-45 min","201211_HighTimeResolution_Nup60GFP_01_40_R3D_D3D_nucleus_4",89.0042826552462,76.4954954954955,0.859458592479163,1.1635231862834,"Nup60-GFP_delta2-47"
"250","201211_25731_measurements.csv","201211_HighTimeResolution_Nup60GFP_01_40_R3D_D3D_nucleus_4_substack_frame_2",438.83,278.85,1.57,0.64,2.75,7.65,3.88,0,"-10 min","201211_HighTimeResolution_Nup60GFP_01_40_R3D_D3D_nucleus_4",89.5571428571428,101.4,1.13223799649067,0.883206537052691,"Nup60-GFP_delta2-47"
"251","201211_25731_measurements.csv","201211_HighTimeResolution_Nup60GFP_01_40_R3D_D3D_nucleus_4_substack_frame_3",273.94,182.94,1.5,0.67,1.71,5.35,2.52,0,"Anaphase I","201211_HighTimeResolution_Nup60GFP_01_40_R3D_D3D_nucleus_4",75.2582417582418,106.982456140351,1.42153807531166,0.703463394591633,"Nup60-GFP_delta2-47"
"252","201211_25731_measurements.csv","201211_HighTimeResolution_Nup60GFP_01_40_R3D_D3D_nucleus_4_substack_frame_4",233.17,141.65,1.65,0.61,1.31,4.29,1.99,0,"+10 min","201211_HighTimeResolution_Nup60GFP_01_40_R3D_D3D_nucleus_4",78.244966442953,108.129770992366,1.38193900397672,0.723620939218274,"Nup60-GFP_delta2-47"
"253","201211_25731_measurements.csv","201211_HighTimeResolution_Nup60GFP_01_40_R3D_D3D_nucleus_5_substack_frame_1",509.06,312.84,1.63,0.61,3.05,8.07,4.31,0,"-45 min","201211_HighTimeResolution_Nup60GFP_01_40_R3D_D3D_nucleus_5",101.406374501992,102.570491803279,1.01147972508635,0.988650563326543,"Nup60-GFP_delta2-47"
"254","201211_25731_measurements.csv","201211_HighTimeResolution_Nup60GFP_01_40_R3D_D3D_nucleus_5_substack_frame_2",504.37,350.06,1.44,0.69,3.02,7.4,4,0,"-10 min","201211_HighTimeResolution_Nup60GFP_01_40_R3D_D3D_nucleus_5",115.15296803653,115.913907284768,1.00660807325433,0.993435306719761,"Nup60-GFP_delta2-47"
"255","201211_25731_measurements.csv","201211_HighTimeResolution_Nup60GFP_01_40_R3D_D3D_nucleus_5_substack_frame_3",340.77,325.55,1.05,0.96,2.27,6.56,3.22,0,"Anaphase I","201211_HighTimeResolution_Nup60GFP_01_40_R3D_D3D_nucleus_5",79.4335664335664,143.4140969163,1.80545962312095,0.553875582258319,"Nup60-GFP_delta2-47"
"256","201211_25731_measurements.csv","201211_HighTimeResolution_Nup60GFP_01_40_R3D_D3D_nucleus_5_substack_frame_4",269.99,219.48,1.23,0.81,1.89,5.43,2.67,0,"+10 min","201211_HighTimeResolution_Nup60GFP_01_40_R3D_D3D_nucleus_5",76.2683615819209,116.126984126984,1.52261018485693,0.656766919035131,"Nup60-GFP_delta2-47"
"257","201211_25731_measurements.csv","201211_HighTimeResolution_Nup60GFP_01_40_R3D_D3D_nucleus_6_substack_frame_1",491.61,377.4,1.3,0.77,4.07,9.2,5.28,0,"-45 min","201211_HighTimeResolution_Nup60GFP_01_40_R3D_D3D_nucleus_6",95.8304093567252,92.7272727272727,0.967618455871339,1.03346519894508,"Nup60-GFP_delta2-47"
"258","201211_25731_measurements.csv","201211_HighTimeResolution_Nup60GFP_01_40_R3D_D3D_nucleus_6_substack_frame_2",448.32,332.75,1.35,0.74,3.25,8.01,4.35,0,"-10 min","201211_HighTimeResolution_Nup60GFP_01_40_R3D_D3D_nucleus_6",94.1848739495798,102.384615384615,1.08706006698512,0.919912367651794,"Nup60-GFP_delta2-47"
"259","201211_25731_measurements.csv","201211_HighTimeResolution_Nup60GFP_01_40_R3D_D3D_nucleus_6_substack_frame_3",292.93,214.3,1.37,0.73,1.96,5.78,2.83,0,"Anaphase I","201211_HighTimeResolution_Nup60GFP_01_40_R3D_D3D_nucleus_6",76.6832460732984,109.336734693878,1.4258229834111,0.701349334128161,"Nup60-GFP_delta2-47"
"260","201211_25731_measurements.csv","201211_HighTimeResolution_Nup60GFP_01_40_R3D_D3D_nucleus_6_substack_frame_4",292.51,245.45,1.19,0.84,2.06,5.79,2.91,0,"+10 min","201211_HighTimeResolution_Nup60GFP_01_40_R3D_D3D_nucleus_6",78.4209115281501,119.150485436893,1.51937134005542,0.658166949472354,"Nup60-GFP_delta2-47"
"261","201211_25731_measurements.csv","201211_HighTimeResolution_Nup60GFP_01_40_R3D_D3D_nucleus_7_substack_frame_1",422.44,245.48,1.72,0.58,3.08,7.37,4.02,0,"-45 min","201211_HighTimeResolution_Nup60GFP_01_40_R3D_D3D_nucleus_7",98.4708624708625,79.7012987012987,0.809389668186184,1.23549884475418,"Nup60-GFP_delta2-47"
"262","201211_25731_measurements.csv","201211_HighTimeResolution_Nup60GFP_01_40_R3D_D3D_nucleus_7_substack_frame_2",442.51,299.31,1.48,0.68,2.86,7.43,3.86,0,"-10 min","201211_HighTimeResolution_Nup60GFP_01_40_R3D_D3D_nucleus_7",96.8293216630197,104.653846153846,1.08080738722984,0.925234238602908,"Nup60-GFP_delta2-47"
"263","201211_25731_measurements.csv","201211_HighTimeResolution_Nup60GFP_01_40_R3D_D3D_nucleus_7_substack_frame_3",418.33,454.97,0.92,1.09,4.2,10.45,5.64,0,"Anaphase I","201211_HighTimeResolution_Nup60GFP_01_40_R3D_D3D_nucleus_7",66.9328,108.32619047619,1.61843207629429,0.617881970239796,"Nup60-GFP_delta2-47"
"264","201211_25731_measurements.csv","201211_HighTimeResolution_Nup60GFP_01_40_R3D_D3D_nucleus_7_substack_frame_4",253.82,149.25,1.7,0.59,1.54,5.08,2.3,0,"+10 min","201211_HighTimeResolution_Nup60GFP_01_40_R3D_D3D_nucleus_7",71.7005649717514,96.9155844155844,1.35167114030088,0.739824925001656,"Nup60-GFP_delta2-47"
